loc	weather
北京	晴
朝阳	晴
顺义	晴
怀柔	晴
通州	晴
昌平	晴
延庆	晴
丰台	晴
石景山	晴
大兴	晴
房山	晴
密云	晴
门头沟	晴
平谷	晴
上海	小雨
闵行	小雨
宝山	小雨
嘉定	小雨
浦东新区	小雨
金山	小雨
青浦	小雨
松江	小雨
奉贤	小雨
崇明	小雨
徐汇	小雨
天津	多云
武清	多云
宝坻	多云
东丽	多云
西青	多云
北辰	多云
宁河	多云
静海	多云
津南	多云
滨海新区	多云
蓟县	多云
重庆	小雨
永川	小雨
合川	小雨
南川	中雨
江津	中雨
万盛	中雨
渝北	小雨
北碚	小雨
巴南	小雨
长寿	小雨
黔江	中雨
万州	中雨
涪陵	大雨
开县	中雨
城口	中雨
云阳	中雨
巫溪	中雨
奉节	中雨
巫山	中雨
潼南	中雨
垫江	中雨
梁平	中雨
忠县	大雨
石柱	大雨
大足	小雨
荣昌	小雨
铜梁	小雨
璧山	小雨
丰都	中雨
武隆	中雨
彭水	大雨
綦江	中雨
酉阳	中雨
秀山	中雨
香港	多云
九龙	多云
新界	多云
澳门	多云
氹仔岛	多云
路环岛	多云
台北	小雨
桃园	小雨
新竹	小雨
宜兰	小雨
高雄	小雨
嘉义	小雨
台南	小雨
台东	小雨
屏东	小雨
台中	多云
苗栗	多云
彰化	多云
南投	多云
花莲	多云
云林	多云
哈尔滨	阵雪
双城	阵雪
呼兰	阵雪
阿城	阵雪
宾县	小雪
依兰	中雪
巴彦	阵雪
通河	中雪
方正	中雪
延寿	中雪
尚志	中雪
五常	小雪
木兰	阵雪
齐齐哈尔	多云
讷河	多云
龙江	多云
甘南	多云
富裕	多云
依安	多云
拜泉	多云
克山	多云
克东	多云
泰来	多云
牡丹江	大雪
海林	大雪
穆棱	大雪
林口	大雪
绥芬河	大雪
宁安	大雪
东宁	大雪
佳木斯	小雪
汤原	小雪
抚远	多云
桦川	小雪
桦南	中雪
同江	小雪
富锦	小雪
绥化	阵雪
肇东	阵雪
安达	阵雪
海伦	阵雪
明水	阵雪
望奎	阵雪
兰西	阵雪
青冈	阵雪
庆安	阵雪
绥棱	阵雪
黑河	多云
嫩江	多云
孙吴	多云
逊克	多云
五大连池	多云
北安	多云
大兴安岭	小雪
塔河	多云
漠河	多云
呼玛	多云
呼中	多云
新林	小雪
加格达奇	小雪
伊春	阴
乌伊岭	阴
五营	阴
铁力	阵雪
嘉荫	阴
大庆	多云
林甸	多云
肇州	阵雪
肇源	阵雪
杜尔伯特	多云
七台河	中雪
勃利	中雪
鸡西	中雨
虎林	中雨
密山	中雨
鸡东	中雨
鹤岗	阵雪
绥滨	阵雪
萝北	阵雪
双鸭山	中雪
集贤	中雪
宝清	中雪
饶河	小雪
友谊	中雪
长春	小雪
农安	多云
德惠	多云
九台	多云
榆树	多云
双阳	小雪
吉林	中雪
舒兰	中雪
永吉	中雪
蛟河	中雪
磐石	中雪
桦甸	中雪
延吉	暴雪
敦化	大雪
安图	大雪
汪清	暴雪
和龙	暴雪
龙井	暴雪
珲春	暴雪
图们	暴雪
四平	小雪
双辽	多云
梨树	小雪
公主岭	小雪
伊通	小雪
通化	雨夹雪
梅河口	大雪
柳河	大雪
辉南	大雪
集安	小雨
通化县	雨夹雪
白城	多云
洮南	多云
大安	多云
镇赉	多云
通榆	多云
辽源	中雪
东丰	大雪
东辽	中雪
松原	多云
乾安	多云
前郭	多云
长岭	多云
扶余	多云
白山	暴雪
靖宇	暴雪
临江	暴雪
东岗	暴雪
长白	大雪
抚松	暴雪
江源	暴雪
沈阳	中雪
辽中	中雪
康平	小雪
法库	中雪
新民	中雪
大连	雨夹雪
瓦房店	雨夹雪
金州	雨夹雪
普兰店	雨夹雪
旅顺	雨夹雪
长海	雨夹雪
庄河	雨夹雪
鞍山	小雪
台安	小雪
岫岩	雨夹雪
海城	小雪
抚顺	大雪
新宾	大雪
清原	大雪
章党	大雪
本溪	小雪
本溪县	小雪
桓仁	中雪
丹东	小雨
凤城	雨夹雪
宽甸	雨夹雪
东港	小雨
锦州	多云
凌海	多云
义县	多云
黑山	多云
北镇	多云
营口	小雪
大石桥	小雪
盖州	小雪
阜新	多云
彰武	多云
辽阳	中雪
辽阳县	中雪
灯塔	中雪
弓长岭	中雪
铁岭	小雪
开原	小雪
昌图	小雪
西丰	小雪
调兵山	小雪
朝阳	晴
凌源	晴
喀左	晴
北票	晴
建平县	晴
盘锦	小雪
大洼	小雪
盘山	小雪
葫芦岛	小雪
建昌	小雪
绥中	小雪
兴城	小雪
呼和浩特	晴
土左旗	晴
托县	晴
和林	晴
清水河	晴
赛罕	晴
武川	晴
包头	晴
白云鄂博	晴
满都拉	晴
土右旗	晴
固阳	晴
达茂旗	晴
希拉穆仁	晴
乌海	晴
集宁	多云
卓资	多云
化德	多云
商都	多云
兴和	多云
凉城	多云
察右前旗	多云
察右中旗	多云
察右后旗	多云
四子王旗	多云
丰镇	多云
通辽	多云
舍伯吐	多云
科左中旗	多云
科左后旗	多云
青龙山	多云
开鲁	多云
库伦	多云
奈曼	多云
扎鲁特	多云
巴雅尔吐胡硕	多云
赤峰	晴
阿鲁旗	晴
浩尔吐	晴
巴林左旗	晴
巴林右旗	晴
林西	晴
克什克腾	晴
翁牛特	晴
岗子	晴
喀喇沁	阴
八里罕	阴
宁城	晴
敖汉	晴
宝国吐	晴间多云
鄂尔多斯	晴
达拉特	晴
准格尔	晴
鄂前旗	晴
河南	晴
伊和乌素	晴
鄂托克	晴
杭锦旗	晴
乌审旗	晴
伊金霍洛	晴
乌审召	晴
东胜	晴
临河	晴
五原	晴
磴口	晴
乌前旗	晴
大佘太	晴
乌中旗	晴
乌后旗	晴
海力素	晴
那仁宝力格	晴
杭锦后旗	晴
锡林浩特	小雪
二连浩特	晴间多云
阿巴嘎	晴
苏左旗	晴间多云
苏右旗	中雪
朱日和	中雪
东乌旗	中雪
西乌旗	中雪
太仆寺	晴
正镶白旗	晴间多云
正蓝旗	晴间多云
多伦	大雪
博克图	中雪
乌拉盖	小雪
海拉尔	大雪
小二沟	中雪
阿荣旗	阴
莫力达瓦	多云
鄂伦春旗	小雪
鄂温克旗	大雪
陈旗	大雪
新左旗	晴间多云
新右旗	晴
满洲里	晴间多云
牙克石	小雪
扎兰屯	阴
额尔古纳	中雪
根河	中雪
图里河	中雪
乌兰浩特	阴
阿尔山	中雪
科右中旗	小雪
胡尔勒	阴
扎赉特	阴
索伦	多云
突泉	小雪
科右前旗	阴
阿左旗	晴
阿右旗	晴
额济纳	晴
拐子湖	晴
吉兰太	晴
锡林高勒	晴
头道湖	晴
中泉子	晴
巴彦诺日公	晴
雅布赖	晴
乌斯太	晴
孪井滩	晴
石家庄	晴
井陉	晴
正定	晴
栾城	晴
行唐	晴
灵寿	晴
高邑	晴
深泽	晴
赞皇	晴
无极	晴
平山	晴
元氏	晴
赵县	晴
辛集	晴
藁城	晴
晋州	晴
新乐	晴
鹿泉	晴
保定	晴
满城	晴
阜平	晴
徐水	晴
唐县	晴
高阳	晴
容城	晴
涞源	晴
望都	晴
安新	晴
易县	晴
曲阳	晴
蠡县	晴间多云
顺平	晴
雄县	晴
涿州	晴
定州	晴
安国	晴间多云
高碑店	晴
涞水	晴
定兴	晴
清苑	晴
博野	晴间多云
张家口	晴
宣化	晴
张北	晴
康保	小雪
沽源	晴
尚义	晴
蔚县	晴
阳原	晴
怀安	晴
万全	晴
怀来	晴
涿鹿	晴
赤城	晴
崇礼	晴
承德	晴
承德县	晴
兴隆	晴
平泉	阴
滦平	晴
隆化	晴
丰宁	晴
宽城	晴
围场	晴
唐山	晴
丰南	晴
丰润	晴
滦县	晴
滦南	阴
乐亭	阴
迁西	晴
玉田	晴
曹妃甸	阴
遵化	晴
迁安	晴
曹妃甸工业区	阴
廊坊	晴
固安	晴
永清	晴
香河	晴
大城	晴
文安	晴
大厂	晴
霸州	晴
三河	晴
沧州	晴
青县	晴
东光	晴
海兴	晴
盐山	晴
肃宁	晴间多云
南皮	晴
吴桥	晴
献县	晴
孟村	晴
泊头	晴
任丘	晴
黄骅	晴
河间	晴
沧县	晴
衡水	晴间多云
枣强	晴间多云
武邑	晴
武强	晴间多云
饶阳	晴间多云
安平	晴间多云
故城	晴
景县	晴
阜城	晴
冀州	晴
深州	晴
邢台	晴
临城	晴
内丘	晴
柏乡	晴
隆尧	晴
南和	晴
宁晋	晴
巨鹿	晴
新河	晴
广宗	晴
平乡	晴
威县	晴间多云
清河	晴
临西	晴间多云
南宫	晴
沙河	晴
任县	晴
邯郸	晴
峰峰	晴间多云
临漳	晴
成安	晴
大名	晴间多云
涉县	晴
磁县	晴
肥乡	晴
永年	晴
邱县	晴间多云
鸡泽	晴
广平	晴间多云
馆陶	晴间多云
魏县	晴
曲周	晴
武安	晴间多云
秦皇岛	晴间多云
青龙	晴间多云
昌黎	阴
抚宁	阴
卢龙	阴
北戴河	阴
郑州	毛毛雨/细雨
巩义	晴间多云
荥阳	毛毛雨/细雨
登封	毛毛雨/细雨
新密	毛毛雨/细雨
新郑	小雨
中牟	毛毛雨/细雨
上街	晴间多云
安阳	晴
汤阴	晴
滑县	晴
内黄	晴
林州	晴
新乡	晴间多云
获嘉	晴间多云
原阳	毛毛雨/细雨
辉县	晴间多云
卫辉	晴
延津	晴间多云
封丘	小雨
长垣	晴
许昌	小雨
鄢陵	小雨
襄城	小雨
长葛	小雨
禹州	小雨
平顶山	小雨
郏县	小雨
宝丰	小雨
汝州	小雨
叶县	中雨
舞钢	中雨
鲁山	小雨
石龙	小雨
信阳	中雨
息县	中雨
罗山	中雨
光山	中雨
新县	小雨
淮滨	中雨
潢川	中雨
固始	中雨
商城	中雨
南阳	小雨
南召	毛毛雨/细雨
方城	小雨
社旗	小雨
西峡	毛毛雨/细雨
内乡	毛毛雨/细雨
镇平	毛毛雨/细雨
淅川	毛毛雨/细雨
新野	小雨
唐河	小雨
邓州	毛毛雨/细雨
桐柏	小雨
开封	小雨
杞县	小雨
尉氏	小雨
通许	小雨
兰考	小雨
洛阳	晴间多云
新安	多云
孟津	晴间多云
宜阳	多云
洛宁	晴间多云
伊川	多云
嵩县	多云
偃师	晴间多云
栾川	多云
汝阳	多云
吉利	晴间多云
商丘	中雨
睢县	晴间多云
民权	小雨
虞城	中雨
柘城	小雨
宁陵	小雨
夏邑	中雨
永城	小雨
焦作	晴
修武	晴
武陟	晴
沁阳	晴间多云
博爱	晴
温县	毛毛雨/细雨
孟州	晴间多云
鹤壁	晴
浚县	晴
淇县	晴
濮阳	多云
台前	毛毛雨/细雨
南乐	阴
清丰	晴
范县	毛毛雨/细雨
周口	中雨
扶沟	小雨
太康	小雨
淮阳	中雨
西华	中雨
商水	中雨
项城	中雨
郸城	中雨
鹿邑	中雨
沈丘	中雨
漯河	中雨
临颍	小雨
舞阳	中雨
驻马店	中雨
西平	中雨
遂平	中雨
上蔡	中雨
汝南	中雨
泌阳	中雨
平舆	中雨
新蔡	中雨
确山	中雨
正阳	中雨
三门峡	晴间多云
灵宝	多云
渑池	晴间多云
卢氏	多云
义马	晴间多云
陕县	晴间多云
济源	晴间多云
太原	晴
清徐	晴
阳曲	晴
娄烦	晴
古交	晴
尖草坪区	晴
小店区	晴
大同	晴
阳高	晴
大同县	晴
天镇	晴
广灵	晴
灵丘	晴
浑源	晴
左云	晴
阳泉	晴
盂县	晴
平定	晴
晋中	晴
榆次	晴
榆社	晴
左权	晴
和顺	晴
昔阳	晴
寿阳	晴
太谷	晴
祁县	晴
平遥	晴
灵石	晴
介休	晴
长治	晴
黎城	晴
屯留	晴
潞城	晴
襄垣	晴
平顺	晴
武乡	晴
沁县	晴
长子	晴
沁源	晴
壶关	晴
晋城	晴
沁水	晴
阳城	晴
陵川	晴
高平	晴
泽州	晴
临汾	晴
曲沃	晴
永和	晴
隰县	晴
大宁	晴
吉县	晴
襄汾	晴
蒲县	晴
汾西	晴
洪洞	晴
霍州	晴
乡宁	晴
翼城	晴
侯马	晴
浮山	晴
安泽	晴
古县	晴
运城	晴
临猗	晴
稷山	晴
万荣	晴
河津	晴
新绛	晴
绛县	晴
闻喜	晴
垣曲	晴间多云
永济	晴间多云
芮城	晴
夏县	晴
平陆	晴间多云
朔州	晴
平鲁	晴间多云
山阴	晴
右玉	晴
应县	晴
怀仁	晴
忻州	晴
定襄	晴
五台县	晴
河曲	晴
偏关	晴
神池	晴
宁武	晴
代县	晴
繁峙	晴
五台山	晴
保德	晴
静乐	晴
岢岚	晴
五寨	晴
原平	晴
吕梁	晴
离石	晴
临县	晴
兴县	晴
岚县	晴
柳林	晴
石楼	晴
方山	晴
交口	晴
中阳	晴
孝义	晴
汾阳	晴
文水	晴
交城	晴
济南	小雨
长清	晴间多云
商河	晴间多云
章丘	毛毛雨/细雨
平阴	毛毛雨/细雨
济阳	毛毛雨/细雨
青岛	毛毛雨/细雨
崂山	毛毛雨/细雨
即墨	毛毛雨/细雨
胶州	小雨
黄岛	毛毛雨/细雨
莱西	小雨
平度	小雨
淄博	毛毛雨/细雨
淄川	小雨
博山	小雨
高青	小雨
周村	小雨
沂源	小雨
桓台	毛毛雨/细雨
临淄	小雨
德州	晴
武城	晴
临邑	晴
陵县	晴
齐河	晴间多云
乐陵	晴间多云
庆云	晴间多云
平原	晴
宁津	晴
夏津	晴
禹城	毛毛雨/细雨
烟台	小雨
莱州	小雨
长岛	小雨
蓬莱	小雨
龙口	小雨
招远	小雨
栖霞	小雨
福山	小雨
牟平	小雨
莱阳	小雨
海阳	毛毛雨/细雨
潍坊	小雨
青州	小雨
寿光	小雨
临朐	小雨
昌乐	小雨
昌邑	小雨
安丘	小雨
高密	小雨
诸城	小雨
济宁	小雨
嘉祥	小雨
微山	小雨
鱼台	小雨
兖州	小雨
金乡	中雨
汶上	小雨
泗水	中雨
梁山	小雨
曲阜	小雨
邹城	小雨
泰安	小雨
新泰	小雨
肥城	毛毛雨/细雨
东平	小雨
宁阳	小雨
临沂	小雨
莒南	小雨
沂南	小雨
兰陵	毛毛雨/细雨
临沭	小雨
郯城	毛毛雨/细雨
蒙阴	小雨
平邑	毛毛雨/细雨
费县	小雨
沂水	小雨
菏泽	小雨
鄄城	毛毛雨/细雨
郓城	小雨
东明	小雨
定陶	小雨
巨野	小雨
曹县	小雨
成武	中雨
单县	中雨
滨州	小雨
博兴	毛毛雨/细雨
无棣	小雨
阳信	晴间多云
惠民	晴间多云
沾化	小雨
邹平	毛毛雨/细雨
东营	阵雨
河口	阵雨
垦利	阵雨
利津	阵雨
广饶	小雨
威海	毛毛雨/细雨
文登	毛毛雨/细雨
荣成	毛毛雨/细雨
乳山	毛毛雨/细雨
成山头	毛毛雨/细雨
石岛	毛毛雨/细雨
枣庄	小雨
薛城	小雨
峄城	小雨
台儿庄	小雨
滕州	小雨
日照	毛毛雨/细雨
五莲	小雨
莒县	小雨
莱芜	小雨
聊城	晴间多云
冠县	晴间多云
阳谷	毛毛雨/细雨
高唐	晴
茌平	晴间多云
东阿	毛毛雨/细雨
临清	晴
莘县	阴
南京	小雨
溧水	小雨
高淳	小雨
江宁	小雨
六合	中雨
江浦	中雨
浦口	中雨
无锡	阵雨
江阴	阵雨
宜兴	阵雨
锡山	阵雨
镇江	阵雨
丹阳	阵雨
扬中	阵雨
句容	小雨
丹徒	阵雨
苏州	阵雨
常熟	阵雨
张家港	阵雨
昆山	阵雨
吴中	阵雨
吴江	阵雨
太仓	阵雨
南通	阵雨
海安	阵雨
如皋	阵雨
如东	小雨
启东	阵雨
海门	阵雨
通州	阵雨
扬州	阵雨
宝应	强阵雨
仪征	小雨
高邮	强阵雨
江都	阵雨
邗江	阵雨
盐城	阵雨
响水	毛毛雨/细雨
滨海	阵雨
阜宁	强阵雨
射阳	阵雨
建湖	阵雨
东台	阵雨
大丰	阵雨
盐都	晴
徐州	小雨
铜山	小雨
丰县	阵雨
沛县	中雨
邳州	小雨
睢宁	毛毛雨/细雨
新沂	毛毛雨/细雨
淮安	小雨
金湖	强阵雨
盱眙	中雨
洪泽	小雨
涟水	小雨
淮阴区	小雨
淮安区	小雨
连云港	毛毛雨/细雨
东海	毛毛雨/细雨
赣榆	毛毛雨/细雨
灌云	毛毛雨/细雨
灌南	毛毛雨/细雨
常州	阵雨
溧阳	小雨
金坛	小雨
武进	阵雨
泰州	阵雨
兴化	阵雨
泰兴	阵雨
姜堰	阵雨
靖江	阵雨
宿迁	毛毛雨/细雨
沭阳	毛毛雨/细雨
泗阳	小雨
泗洪	小雨
宿豫	小雨
杭州	毛毛雨/细雨
萧山	毛毛雨/细雨
桐庐	毛毛雨/细雨
淳安	毛毛雨/细雨
建德	毛毛雨/细雨
余杭	小雨
临安	中雨
富阳	毛毛雨/细雨
湖州	毛毛雨/细雨
长兴	毛毛雨/细雨
安吉	小雨
德清	毛毛雨/细雨
嘉兴	阵雨
嘉善	阵雨
海宁	小雨
桐乡	小雨
平湖	阵雨
海盐	小雨
宁波	阵雨
慈溪	阵雨
余姚	阵雨
奉化	阵雨
象山	小雨
宁海	阵雨
北仑	小雨
鄞州	阵雨
镇海	阵雨
越城	小雨
诸暨	小雨
上虞	小雨
新昌	小雨
嵊州	小雨
台州	晴间多云
玉环	小雨
三门	小雨
天台	多云
仙居	毛毛雨/细雨
温岭	小雨
洪家	小雨
临海	小雨
椒江	小雨
黄岩	阴
路桥	阴
温州	小雨
泰顺	多云
文成	晴间多云
平阳	晴间多云
瑞安	晴间多云
洞头	小雨
乐清	小雨
永嘉	小雨
苍南	晴间多云
丽水	小雨
遂昌	毛毛雨/细雨
龙泉	毛毛雨/细雨
缙云	毛毛雨/细雨
青田	小雨
云和	毛毛雨/细雨
庆元	阵雨
松阳	小雨
景宁	毛毛雨/细雨
金华	小雨
浦江	小雨
兰溪	小雨
义乌	小雨
东阳	小雨
武义	小雨
永康	毛毛雨/细雨
磐安	小雨
衢州	小雨
常山	小雨
开化	小雨
龙游	小雨
江山	小雨
衢江	小雨
舟山	小雨
嵊泗	晴间多云
岱山	小雨
普陀	小雨
定海	小雨
福州	阵雨
闽清	阵雨
闽侯	阵雨
罗源	阵雨
连江	阵雨
永泰	阵雨
平潭	晴间多云
长乐	阵雨
福清	小雨
钓鱼岛	阵雨
厦门	晴
同安	晴
宁德	阵雨
古田	阵雨
霞浦	晴间多云
寿宁	阵雨
周宁	阵雨
福安	阵雨
柘荣	多云
福鼎	多云
屏南	阵雨
莆田	小雨
仙游	晴间多云
秀屿港	晴间多云
涵江	小雨
秀屿	小雨
荔城	小雨
城厢	小雨
泉州	晴间多云
安溪	晴间多云
永春	小雨
德化	小雨
南安	晴
崇武	晴
惠安	晴间多云
晋江	晴间多云
石狮	晴间多云
漳州	晴
长泰	晴
南靖	小雨
平和	小雨
龙海	晴
漳浦	晴
诏安	晴间多云
东山	晴间多云
云霄	小雨
华安	晴
龙岩	晴
长汀	小雨
连城	晴
武平	晴
上杭	晴
永定	晴
漳平	晴
三明	小雨
宁化	小雨
清流	小雨
泰宁	阵雨
将乐	阵雨
建宁	阵雨
明溪	阵雨
沙县	小雨
尤溪	小雨
永安	小雨
大田	小雨
南平	多云
顺昌	多云
光泽	小雨
邵武	阵雨
武夷山	阵雨
浦城	阵雨
建阳	阵雨
松溪	阵雨
政和	阵雨
建瓯	阵雨
南昌	中雨
新建	中雨
南昌县	中雨
安义	中雨
进贤	小雨
九江	小雨
瑞昌	小雨
庐山	小雨
武宁	中雨
德安	小雨
永修	小雨
湖口	小雨
彭泽	小雨
星子	小雨
都昌	中雨
修水	小雨
上饶	小雨
鄱阳	中雨
婺源	小雨
余干	中雨
万年	中雨
德兴	小雨
上饶县	毛毛雨/细雨
弋阳	毛毛雨/细雨
横峰	小雨
铅山	中雨
玉山	小雨
广丰	小雨
抚州	阵雨
广昌	阵雨
乐安	阵雨
崇仁	毛毛雨/细雨
金溪	小雨
资溪	小雨
宜黄	小雨
南城	小雨
南丰	阵雨
黎川	小雨
东乡	毛毛雨/细雨
宜春	小雨
铜鼓	小雨
宜丰	中雨
万载	小雨
上高	中雨
靖安	中雨
奉新	中雨
高安	中雨
樟树	中雨
丰城	中雨
吉安	阴
吉安县	阴
吉水	阴
新干	阴
峡江	阴
永丰	阵雨
永新	阵雨
井冈山	阵雨
万安	阵雨
遂川	阵雨
泰和	阵雨
安福	阵雨
宁冈	阵雨
赣州	多云
崇义	多云
上犹	多云
南康	多云
大余	多云
信丰	小雨
宁都	阵雨
石城	小雨
瑞金	小雨
于都	阵雨
会昌	晴间多云
安远	晴间多云
全南	小雨
龙南	小雨
定南	小雨
寻乌	晴
兴国	阵雨
赣县	多云
景德镇	中雨
乐平	中雨
浮梁	中雨
萍乡	小雨
莲花	阵雨
上栗	小雨
安源	晴间多云
芦溪	小雨
湘东	小雨
新余	小雨
分宜	小雨
鹰潭	毛毛雨/细雨
余江	毛毛雨/细雨
贵溪	毛毛雨/细雨
合肥	小雨
长丰	小雨
肥东	小雨
肥西	小雨
蚌埠	小雨
怀远	小雨
固镇	小雨
五河	小雨
芜湖	小雨
繁昌	小雨
芜湖县	小雨
南陵	小雨
淮南	小雨
凤台	中雨
潘集	中雨
马鞍山	小雨
当涂	小雨
安庆	中雨
枞阳	中雨
太湖	小雨
潜山	中雨
怀宁	中雨
宿松	小雨
望江	小雨
岳西	小雨
桐城	中雨
宿州	小雨
砀山	中雨
灵璧	小雨
泗县	小雨
萧县	小雨
阜阳	中雨
阜南	中雨
颍上	中雨
临泉	中雨
界首	中雨
太和	中雨
亳州	中雨
涡阳	中雨
利辛	中雨
蒙城	中雨
黄山	中雨
黄山区	中雨
屯溪	小雨
祁门	小雨
黟县	小雨
歙县	小雨
休宁	小雨
黄山风景区(光明顶)	小雨
滁州	中雨
凤阳	小雨
明光	小雨
定远	小雨
全椒	中雨
来安	中雨
天长	小雨
淮北	小雨
濉溪	中雨
铜陵	小雨
宣城	小雨
泾县	小雨
旌德	中雨
宁国	小雨
绩溪	中雨
广德	小雨
郎溪	小雨
六安	中雨
霍邱	中雨
寿县	中雨
金寨	中雨
霍山	中雨
舒城	中雨
巢湖	小雨
庐江	中雨
无为	中雨
含山	小雨
和县	小雨
池州	小雨
东至	小雨
青阳	小雨
九华山	中雨
石台	中雨
武汉	小雨
蔡甸	中雨
黄陂	小雨
新洲	中雨
江夏	中雨
东西湖	小雨
襄阳	小雨
襄州	小雨
保康	毛毛雨/细雨
南漳	毛毛雨/细雨
宜城	毛毛雨/细雨
老河口	毛毛雨/细雨
谷城	毛毛雨/细雨
枣阳	小雨
鄂州	中雨
梁子湖	中雨
孝感	小雨
安陆	毛毛雨/细雨
云梦	小雨
大悟	小雪
应城	小雨
汉川	中雨
孝昌	毛毛雨/细雨
黄冈	中雨
红安	小雨
麻城	小雨
罗田	小雨
英山	中雨
浠水	中雨
蕲春	小雨
黄梅	小雨
武穴	小雨
团风	中雨
黄石	中雨
大冶	中雨
阳新	中雨
铁山	中雨
下陆	中雨
西塞山	中雨
咸宁	中雨
赤壁	中雨
嘉鱼	中雨
崇阳	中雨
通城	中雨
通山	小雨
荆州	小雨
江陵	小雨
公安	小雨
石首	中雨
监利	中雨
洪湖	中雨
松滋	小雨
宜昌	小雨
远安	小雨
秭归	毛毛雨/细雨
兴山	毛毛雨/细雨
五峰	小雨
当阳	毛毛雨/细雨
长阳	小雨
宜都	小雨
枝江	毛毛雨/细雨
三峡	小雨
夷陵	小雨
恩施	毛毛雨/细雨
利川	中雨
建始	中雨
咸丰	小雨
宣恩	毛毛雨/细雨
鹤峰	中雨
来凤	小雨
巴东	中雨
十堰	毛毛雨/细雨
竹溪	小雨
郧西	毛毛雨/细雨
郧阳	毛毛雨/细雨
竹山	小雨
房县	小雨
丹江口	毛毛雨/细雨
茅箭	毛毛雨/细雨
张湾	毛毛雨/细雨
神农架	小雨
随州	小雨
广水	小雨
荆门	毛毛雨/细雨
钟祥	毛毛雨/细雨
京山	毛毛雨/细雨
掇刀	毛毛雨/细雨
沙洋	毛毛雨/细雨
天门	小雨
仙桃	小雨
潜江	小雨
长沙	中雨
宁乡	中雨
浏阳	大雨
湘江新区	中雨
望城	中雨
湘潭	中雨
韶山	中雨
湘乡	小雨
株洲	中雨
攸县	阴
醴陵	中雨
茶陵	阴
炎陵	阴
衡阳	小雨
衡山	小雨
衡东	毛毛雨/细雨
祁东	阴
衡阳县	阴
常宁	小雨
衡南	小雨
耒阳	阴
南岳	毛毛雨/细雨
郴州	晴间多云
桂阳	阵雨
嘉禾	小雨
宜章	晴间多云
临武	晴间多云
资兴	多云
汝城	小雨
安仁	阴
永兴	多云
桂东	阵雨
苏仙	晴间多云
常德	中雨
安乡	中雨
桃源	中雨
汉寿	中雨
澧县	中雨
临澧	中雨
石门	中雨
津市	中雨
益阳	中雨
赫山区	中雨
南县	中雨
桃江	中雨
安化	大雨
沅江	中雨
娄底	小雨
双峰	小雨
冷水江	中雨
新化	小雨
涟源	中雨
邵阳	毛毛雨/细雨
隆回	小雨
洞口	毛毛雨/细雨
新邵	毛毛雨/细雨
邵东	毛毛雨/细雨
绥宁	阵雨
新宁	毛毛雨/细雨
武冈	毛毛雨/细雨
城步	多云
邵阳县	毛毛雨/细雨
岳阳	中雨
华容	中雨
湘阴	中雨
汨罗	中雨
平江	中雨
临湘	中雨
张家界	中雨
桑植	中雨
慈利	中雨
武陵源	中雨
怀化	中雨
沅陵	中雨
辰溪	大雨
靖州	阵雨
会同	毛毛雨/细雨
通道	阵雨
麻阳	中雨
新晃	小雨
芷江	毛毛雨/细雨
溆浦	小雨
中方	中雨
洪江	小雨
永州	阴
祁阳	阴
东安	多云
双牌	晴间多云
道县	晴间多云
宁远	小雨
江永	晴间多云
蓝山	阵雨
新田	小雨
江华	晴间多云
冷水滩	阴
吉首	中雨
保靖	中雨
永顺	中雨
古丈	中雨
凤凰	中雨
泸溪	大雨
龙山	小雨
花垣	中雨
广州	晴间多云
番禺	晴间多云
从化	晴间多云
增城	晴间多云
花都	晴间多云
韶关	晴
乳源	晴
始兴	晴
翁源	晴
乐昌	晴间多云
仁化	小雨
南雄	小雨
新丰	晴
曲江	晴
浈江	晴
武江	晴
惠州	晴间多云
博罗	晴间多云
惠阳	晴间多云
惠东	小雨
龙门	晴间多云
梅州	多云
兴宁	晴间多云
蕉岭	多云
大埔	晴
丰顺	小雨
平远	晴间多云
五华	小雨
梅县	多云
汕头	晴间多云
潮阳	小雨
澄海	晴间多云
南澳	晴间多云
深圳	小雨
珠海	晴间多云
斗门	阵雨
金湾	晴间多云
佛山	晴间多云
顺德	晴间多云
三水	晴
南海	晴间多云
高明	晴间多云
肇庆	晴
广宁	晴
四会	晴
德庆	晴间多云
怀集	晴
封开	晴间多云
高要	晴
湛江	晴间多云
吴川	晴间多云
雷州	晴间多云
徐闻	晴间多云
廉江	晴
赤坎	晴间多云
遂溪	晴
坡头	晴间多云
霞山	晴间多云
麻章	晴间多云
江门	晴间多云
开平	多云
新会	阴
恩平	晴
台山	阴
蓬江	晴间多云
鹤山	晴间多云
江海	晴间多云
河源	晴
紫金	小雨
连平	晴
和平	晴
龙川	晴间多云
东源	晴
清远	晴间多云
连南	晴间多云
连州	晴间多云
连山	晴
阳山	晴间多云
佛冈	晴间多云
英德	晴
清新	晴间多云
云浮	晴
罗定	晴间多云
新兴	晴
郁南	晴间多云
云安	晴
潮州	小雨
饶平	小雨
潮安	晴间多云
东莞	晴间多云
中山	晴间多云
阳江	晴
阳春	晴
阳东	晴
阳西	晴
揭阳	小雨
揭西	小雨
普宁	小雨
惠来	小雨
揭东	小雨
茂名	晴
高州	晴
化州	晴
电白	晴
信宜	晴间多云
茂港	晴
汕尾	晴间多云
海丰	阵雨
陆丰	晴间多云
陆河	阵雨
南宁	小雨
邕宁	小雨
横县	小雨
隆安	毛毛雨/细雨
马山	阵雨
上林	阵雨
武鸣	小雨
宾阳	阵雨
崇左	阵雨
天等	毛毛雨/细雨
龙州	小雨
凭祥	阵雨
大新	小雨
扶绥	小雨
宁明	阵雨
柳州	小雨
柳城	小雨
鹿寨	小雨
柳江	小雨
融安	小雨
融水	小雨
三江	小雨
来宾	小雨
忻城	阵雨
金秀	阵雨
象州	小雨
武宣	多云
合山	小雨
桂林	多云
龙胜	小雨
永福	多云
临桂	多云
兴安	多云
灵川	多云
全州	晴间多云
灌阳	晴间多云
阳朔	晴间多云
恭城	晴间多云
平乐	晴间多云
荔浦	晴间多云
资源	多云
梧州	晴间多云
藤县	小雨
苍梧	晴间多云
蒙山	阵雨
岑溪	小雨
贺州	晴间多云
昭平	小雨
富川	晴间多云
钟山	小雨
贵港	小雨
桂平	小雨
平南	小雨
玉林	多云
博白	多云
北流	多云
容县	多云
陆川	多云
兴业	小雨
百色	阵雨
那坡	阵雨
田阳	阵雨
德保	阵雨
靖西	阵雨
田东	阵雨
平果	阵雨
隆林	晴间多云
西林	晴间多云
乐业	阵雨
凌云	阵雨
田林	晴间多云
钦州	小雨
浦北	小雨
灵山	小雨
河池	阵雨
天峨	阵雨
东兰	阵雨
巴马	阵雨
环江	阵雨
罗城	阵雨
宜州	阵雨
凤山	阵雨
南丹	阵雨
都安	毛毛雨/细雨
大化	毛毛雨/细雨
北海	晴
合浦	晴
涠洲岛	晴间多云
防城港	小雨
上思	小雨
东兴	小雨
防城	小雨
海口	多云
三亚	阵雨
东方	晴间多云
临高	晴间多云
澄迈	小雨
儋州	晴间多云
昌江	阵雨
白沙	阵雨
琼中	阵雨
定安	小雨
屯昌	小雨
琼海	阵雨
文昌	小雨
保亭	阵雨
万宁	阵雨
陵水	阵雨
西沙	多云
南沙	晴
乐东	阵雨
五指山	阵雨
中沙	多云
贵阳	小雨
白云	小雨
花溪	小雨
乌当	小雨
息烽	小雨
开阳	小雨
修文	小雨
清镇	小雨
小河	小雨
云岩	小雨
南明	小雨
遵义	小雨
遵义县	小雨
仁怀	小雨
绥阳	中雨
湄潭	小雨
凤冈	小雨
桐梓	中雨
赤水	小雨
习水	小雨
道真	中雨
正安	中雨
务川	中雨
余庆	小雨
汇川	小雨
红花岗	小雨
安顺	小雨
普定	小雨
镇宁	小雨
平坝	小雨
紫云	小雨
关岭	小雨
都匀	阵雨
贵定	阵雨
瓮安	小雨
长顺	小雨
福泉	小雨
惠水	小雨
龙里	小雨
罗甸	小雨
平塘	小雨
独山	阵雨
三都	阵雨
荔波	阵雨
凯里	小雨
岑巩	小雨
施秉	中雨
镇远	中雨
黄平	小雨
麻江	小雨
丹寨	小雨
三穗	小雨
台江	小雨
剑河	小雨
雷山	小雨
黎平	阵雨
天柱	毛毛雨/细雨
锦屏	阵雨
榕江	阵雨
从江	多云
铜仁	中雨
江口	中雨
玉屏	小雨
万山	中雨
思南	中雨
印江	中雨
石阡	中雨
沿河	中雨
德江	中雨
松桃	中雨
毕节	毛毛雨/细雨
赫章	雨夹雪
金沙	小雨
威宁	阵雨
大方	小雨
纳雍	小雨
织金	小雨
黔西	小雨
水城	小雨
六枝	阵雨
盘县	阵雨
兴义	小雨
晴隆	阵雨
兴仁	小雨
贞丰	小雨
望谟	小雨
安龙	小雨
册亨	晴间多云
普安	阵雨
昆明	小雨
东川	阵雨
寻甸	小雨
晋宁	小雨
宜良	小雨
石林	小雨
呈贡	小雨
富民	小雨
嵩明	小雨
禄劝	小雨
安宁	小雨
太华山	小雨
大理	阵雨
云龙	中雨
漾濞	阵雨
永平	阵雨
宾川	阵雨
弥渡	小雨
祥云	阵雨
巍山	阵雨
剑川	小雨
洱源	小雨
鹤庆	小雨
南涧	小雨
红河	晴
石屏	晴间多云
建水	晴间多云
弥勒	小雨
元阳	晴
绿春	晴
开远	晴
个旧	晴
蒙自	晴
屏边	晴
泸西	小雨
金平	阵雨
河口	晴间多云
曲靖	晴
沾益	晴
陆良	小雨
富源	阵雨
马龙	晴
师宗	小雨
罗平	小雨
会泽	阵雨
宣威	阵雨
保山	阵雨
龙陵	毛毛雨/细雨
施甸	小雨
昌宁	小雨
腾冲	毛毛雨/细雨
文山	晴
西畴	晴间多云
马关	小雨
麻栗坡	小雨
砚山	晴
丘北	晴
广南	晴间多云
富宁	小雨
玉溪	小雨
澄江	小雨
江川	小雨
通海	小雨
华宁	小雨
新平	小雨
易门	小雨
峨山	小雨
元江	中雨
楚雄	小雨
大姚	阵雨
元谋	小雨
姚安	小雨
牟定	小雨
南华	小雨
武定	小雨
禄丰	小雨
双柏	小雨
永仁	阵雨
普洱	小雨
景谷	小雨
景东	小雨
澜沧	小雨
墨江	小雨
江城	晴
孟连	小雨
西盟	小雨
镇沅	小雨
宁洱	小雨
昭通	小雨
鲁甸	小雨
彝良	小雨
镇雄	雨夹雪
威信	小雨
巧家	小雨
绥江	毛毛雨/细雨
永善	小雨
盐津	小雨
大关	小雨
水富	毛毛雨/细雨
临沧	阵雨
沧源	小雨
耿马	小雨
双江	小雨
凤庆	小雨
永德	小雨
云县	小雨
镇康	小雨
怒江	小雨
福贡	中雨
兰坪	中雨
泸水	中雨
六库	中雨
贡山	小雨
香格里拉	雨夹雪
德钦	小雪
维西	中雨
中甸	雨夹雪
丽江	小雨
永胜	小雨
华坪	阵雨
宁蒗	小雨
德宏	毛毛雨/细雨
陇川	阵雨
盈江	毛毛雨/细雨
瑞丽	阵雨
梁河	毛毛雨/细雨
芒市	毛毛雨/细雨
景洪	晴
勐海	晴
勐腊	晴
成都	小雨
龙泉驿	多云
新都	小雨
温江	毛毛雨/细雨
金堂	多云
双流	小雨
郫县	毛毛雨/细雨
大邑	毛毛雨/细雨
蒲江	毛毛雨/细雨
新津	毛毛雨/细雨
都江堰	小雨
彭州	毛毛雨/细雨
邛崃	毛毛雨/细雨
崇州	毛毛雨/细雨
青白江	毛毛雨/细雨
攀枝花	阵雨
仁和	阵雨
米易	小雨
盐边	阵雨
自贡	毛毛雨/细雨
富顺	毛毛雨/细雨
荣县	毛毛雨/细雨
绵阳	晴间多云
三台	多云
盐亭	多云
安县	毛毛雨/细雨
梓潼	晴间多云
北川	晴间多云
平武	毛毛雨/细雨
江油	晴间多云
南充	小雨
南部	小雨
营山	小雨
蓬安	小雨
仪陇	小雨
西充	毛毛雨/细雨
阆中	毛毛雨/细雨
达州	小雨
宣汉	小雨
开江	中雨
大竹	中雨
渠县	小雨
万源	中雨
通川	小雨
达川	小雨
遂宁	毛毛雨/细雨
蓬溪	毛毛雨/细雨
射洪	多云
广安	小雨
岳池	小雨
武胜	小雨
邻水	小雨
华蓥	小雨
巴中	小雨
通江	小雨
南江	小雨
平昌	小雨
泸州	小雨
泸县	小雨
合江	毛毛雨/细雨
叙永	小雨
古蔺	小雨
纳溪	小雨
宜宾	毛毛雨/细雨
宜宾县	毛毛雨/细雨
南溪	毛毛雨/细雨
江安	毛毛雨/细雨
长宁	小雨
高县	毛毛雨/细雨
珙县	毛毛雨/细雨
筠连	毛毛雨/细雨
兴文	小雨
屏山	毛毛雨/细雨
内江	毛毛雨/细雨
东兴	毛毛雨/细雨
威远	毛毛雨/细雨
资中	毛毛雨/细雨
隆昌	毛毛雨/细雨
资阳	多云
安岳	毛毛雨/细雨
乐至	多云
简阳	多云
乐山	小雨
犍为	毛毛雨/细雨
井研	小雨
夹江	毛毛雨/细雨
沐川	毛毛雨/细雨
峨边	毛毛雨/细雨
马边	毛毛雨/细雨
峨眉	毛毛雨/细雨
峨眉山	毛毛雨/细雨
眉山	多云
仁寿	多云
彭山	多云
洪雅	毛毛雨/细雨
丹棱	毛毛雨/细雨
青神	小雨
凉山	小雨
木里	中雨
盐源	中雨
德昌	小雨
会理	小雨
会东	小雨
宁南	小雨
普格	中雨
西昌	小雨
金阳	中雨
昭觉	中雨
喜德	小雨
冕宁	小雨
越西	中雨
甘洛	中雨
雷波	毛毛雨/细雨
美姑	毛毛雨/细雨
布拖	中雨
雅安	毛毛雨/细雨
名山	毛毛雨/细雨
荥经	毛毛雨/细雨
汉源	毛毛雨/细雨
石棉	中雨
天全	毛毛雨/细雨
芦山	毛毛雨/细雨
宝兴	雨夹雪
甘孜	中雨
康定	大雪
泸定	大雪
丹巴	雷阵雨
九龙	阵雨
雅江	小雨
道孚	雷阵雨
炉霍	小雨
新龙	小雨
德格	晴
白玉	晴
石渠	晴
色达	小雪
理塘	小雨
巴塘	雨夹雪
乡城	毛毛雨/细雨
稻城	阵雨
得荣	小雪
阿坝	大雪
汶川	小雨
理县	小雨
茂县	小雨
松潘	大雪
九寨沟	晴间多云
金川	小雨
小金	雨夹雪
黑水	大雪
马尔康	小雨
壤塘	小雪
若尔盖	小雨
红原	大雪
德阳	毛毛雨/细雨
中江	毛毛雨/细雨
广汉	毛毛雨/细雨
什邡	毛毛雨/细雨
绵竹	毛毛雨/细雨
罗江	毛毛雨/细雨
广元	小雨
旺苍	小雨
青川	小雨
剑阁	晴间多云
苍溪	毛毛雨/细雨
拉萨	晴
当雄	晴
尼木	晴
林周	晴
堆龙德庆	晴
曲水	晴
达孜	晴
墨竹工卡	晴
日喀则	晴
拉孜	晴
南木林	晴
聂拉木	晴
定日	晴
江孜	晴
帕里	晴
仲巴	晴
萨嘎	晴
吉隆	晴
昂仁	晴
定结	晴
萨迦	晴
谢通门	晴
岗巴	晴
白朗	晴
亚东	晴
康马	晴
仁布	晴
山南	晴
贡嘎	晴
扎囊	晴
加查	晴
浪卡子	晴
错那	晴
隆子	晴
泽当	晴
乃东	晴
桑日	晴
洛扎	晴
措美	晴
琼结	晴
曲松	晴
林芝	晴
波密	晴
米林	晴
察隅	毛毛雨/细雨
工布江达	晴
朗县	晴
墨脱	晴
昌都	晴
丁青	晴
边坝	晴
洛隆	晴
左贡	小雨
芒康	小雨
类乌齐	晴
八宿	晴
江达	晴
察雅	晴
贡觉	晴
那曲	晴
尼玛	晴
嘉黎	雷阵雨
班戈	晴
安多	晴
索县	晴
聂荣	晴
巴青	晴
比如	晴
双湖	晴
阿里	晴
改则	晴
申扎	晴
狮泉河	晴
普兰	晴
札达	晴
噶尔	晴
日土	晴
革吉	晴
措勤	晴
西安	晴间多云
长安	晴间多云
临潼	晴间多云
蓝田	晴间多云
周至	晴
户县	晴间多云
高陵	晴间多云
咸阳	晴间多云
三原	晴间多云
礼泉	晴
永寿	晴
淳化	晴
泾阳	晴间多云
武功	晴间多云
乾县	晴
彬县	晴
长武	晴
旬邑	晴
兴平	晴间多云
延安	晴
延长	晴
延川	晴
子长	晴
宜川	晴
富县	晴
志丹	晴
安塞	晴
甘泉	晴
洛川	晴
黄陵	晴
黄龙	晴
吴起	晴
榆林	晴
府谷	晴
神木	晴
佳县	晴
定边	晴
靖边	晴
横山	晴
米脂	晴
子洲	晴
绥德	晴
吴堡	晴
清涧	晴
榆阳	晴
渭南	晴间多云
华县	晴间多云
潼关	晴间多云
大荔	晴间多云
白水	晴
富平	晴间多云
蒲城	晴间多云
澄城	晴
合阳	晴
韩城	晴
华阴	晴间多云
商洛	毛毛雨/细雨
洛南	晴间多云
柞水	毛毛雨/细雨
商州	多云
镇安	毛毛雨/细雨
丹凤	毛毛雨/细雨
商南	毛毛雨/细雨
山阳	多云
安康	小雨
紫阳	中雨
石泉	小雨
汉阴	小雨
旬阳	小雨
岚皋	中雨
平利	小雨
白河	毛毛雨/细雨
镇坪	中雨
宁陕	小雨
汉中	毛毛雨/细雨
略阳	晴间多云
勉县	雨夹雪
留坝	晴间多云
洋县	毛毛雨/细雨
城固	毛毛雨/细雨
西乡	小雨
佛坪	小雨
宁强	多云
南郑	小雨
镇巴	小雨
宝鸡	晴
千阳	晴
麟游	晴
岐山	晴
凤翔	晴
扶风	晴
眉县	晴
太白	晴
凤县	阵雨
陇县	晴
陈仓	晴
铜川	晴
耀县	晴间多云
宜君	晴
耀州	晴
杨凌	晴
银川	晴
永宁	晴
灵武	晴
贺兰	晴
石嘴山	晴
惠农	晴
平罗	晴
陶乐	晴
吴忠	晴
同心	晴
盐池	晴
青铜峡	晴
固原	晴
西吉	晴
隆德	晴
泾源	晴
彭阳	晴
中卫	晴
中宁	晴
海原	晴
兰州	晴
皋兰	晴
永登	晴
榆中	晴
定西	晴
通渭	晴
陇西	晴
渭源	晴
临洮	晴
漳县	晴
岷县	晴
安定	晴
平凉	晴
泾川	晴
灵台	晴
崇信	晴
华亭	晴
庄浪	晴
静宁	晴
崆峒	晴
庆阳	晴
环县	晴
华池	晴
合水	晴
正宁	晴
宁县	晴
镇原	晴
庆城	晴
武威	晴
民勤	晴
天祝	晴
金昌	晴
永昌	晴
张掖	晴
肃南	晴
民乐	晴
临泽	晴
高台	晴
山丹	晴
酒泉	晴
金塔	晴
阿克塞	晴
瓜州	晴
肃北	晴
玉门	晴
敦煌	晴
天水	晴
清水	晴
秦安	晴
甘谷	晴
武山	晴
张家川	晴
麦积	晴
武都	晴间多云
成县	晴间多云
文县	毛毛雨/细雨
宕昌	晴间多云
康县	晴间多云
西和	晴间多云
礼县	晴间多云
徽县	晴间多云
两当	晴间多云
临夏	晴
康乐	晴
永靖	晴
广河	晴
和政	晴
东乡	晴
积石山	晴
合作	晴
临潭	晴
卓尼	晴
舟曲	晴间多云
迭部	晴
玛曲	小雪
碌曲	小雪
夏河	晴
白银	晴
靖远	晴
会宁	晴
平川	晴
景泰	晴
嘉峪关	晴
西宁	晴
大通	晴
湟源	晴间多云
湟中	晴
平安	晴
乐都	晴
民和	晴
互助	晴
化隆	晴
循化	晴
同仁	小雨
尖扎	晴
泽库	晴
河南	小雨
共和	晴间多云
贵德	晴间多云
兴海	晴
贵南	晴
同德	晴
玛沁	晴间多云
班玛	小雪
甘德	晴间多云
达日	晴间多云
久治	中雪
玛多	小雪
玉树	晴间多云
称多	晴间多云
治多	晴
杂多	晴
囊谦	晴
曲麻莱	晴
德令哈	晴
天峻	晴
乌兰	多云
茫崖	晴间多云
大柴旦	晴
冷湖	晴
海晏	晴
门源	晴
祁连	晴
刚察	晴
乌鲁木齐	阴
小渠子	晴间多云
达坂城	阴
乌鲁木齐牧试站	晴间多云
天池	阴
白杨沟	晴间多云
克拉玛依	晴
乌尔禾	晴
白碱滩	晴
石河子	阴
炮台	晴
莫索湾	阴
昌吉	阴
呼图壁	阴
米泉	晴间多云
阜康	晴间多云
吉木萨尔	阴
奇台	阴
玛纳斯	阴
木垒	晴间多云
蔡家湖	阴
吐鲁番	阴
托克逊	晴
鄯善	晴间多云
库尔勒	晴
轮台	晴
尉犁	晴
若羌	阴
且末	晴
和静	晴间多云
焉耆	晴
和硕	多云
巴音布鲁克	晴间多云
铁干里克	阴
博湖	晴
塔中	晴
巴仑台	晴间多云
阿拉尔	晴
阿克苏	晴
乌什	晴
温宿	晴
拜城	晴
新和	晴
沙雅	晴
库车	晴
柯坪	晴
阿瓦提	晴
喀什	晴
英吉沙	晴
塔什库尔干	晴
麦盖提	晴
莎车	晴
叶城	晴
泽普	晴
巴楚	晴
岳普湖	晴
伽师	晴
疏附	晴
疏勒	晴
伊宁	晴
察布查尔	晴
尼勒克	晴
伊宁县	晴
巩留	晴
新源	晴
昭苏	晴
特克斯	晴
霍城	晴
霍尔果斯	晴
奎屯	晴
塔城	晴间多云
裕民	晴间多云
额敏	晴间多云
和布克赛尔	晴
托里	晴
乌苏	晴
沙湾	阴
哈密	晴
巴里坤	晴间多云
伊吾	小雨
和田	晴
皮山	晴
策勒	晴
墨玉	晴
洛浦	晴
民丰	晴
于田	晴
阿勒泰	晴
哈巴河	晴间多云
吉木乃	晴间多云
布尔津	晴间多云
福海	晴
富蕴	晴
青河	晴
阿图什	晴
乌恰	晴
阿克陶	晴
阿合奇	晴
博乐	晴
温泉	晴
精河	晴
阿拉山口	晴
霍林郭勒	小雪
格尔木	晴间多云
都兰	晴间多云
柯桥	小雨
沙市	小雨
高力板	小雪
长沙县	中雨
二道	大雪
北京1	大雪1
北京2	大雪2
北京3	大雪3
北京4	大雪4
北京5	大雪5
北京6	大雪6
北京7	大雪7
北京8	大雪8
北京9	大雪9
北京10	大雪10
北京11	大雪11
北京12	大雪12
北京13	大雪13
北京14	大雪14
北京15	大雪15
北京16	大雪16
北京17	大雪17
北京18	大雪18
北京19	大雪19
北京20	大雪20
北京21	大雪21
北京22	大雪22
北京23	大雪23
北京24	大雪24
北京25	大雪25
北京26	大雪26
北京27	大雪27
北京28	大雪28
北京29	大雪29
北京30	大雪30
北京31	大雪31
北京32	大雪32
北京33	大雪33
北京34	大雪34
北京35	大雪35
北京36	大雪36
北京37	大雪37
北京38	大雪38
北京39	大雪39
北京40	大雪40
北京41	大雪41
北京42	大雪42
北京43	大雪43
北京44	大雪44
北京45	大雪45
北京46	大雪46
北京47	大雪47
北京48	大雪48
北京49	大雪49
北京50	大雪50
北京51	大雪51
北京52	大雪52
北京53	大雪53
北京54	大雪54
北京55	大雪55
北京56	大雪56
北京57	大雪57
北京58	大雪58
北京59	大雪59
北京60	大雪60
北京61	大雪61
北京62	大雪62
北京63	大雪63
北京64	大雪64
北京65	大雪65
北京66	大雪66
北京67	大雪67
北京68	大雪68
北京69	大雪69
北京70	大雪70
北京71	大雪71
北京72	大雪72
北京73	大雪73
北京74	大雪74
北京75	大雪75
北京76	大雪76
北京77	大雪77
北京78	大雪78
北京79	大雪79
北京80	大雪80
北京81	大雪81
北京82	大雪82
北京83	大雪83
北京84	大雪84
北京85	大雪85
北京86	大雪86
北京87	大雪87
北京88	大雪88
北京89	大雪89
北京90	大雪90
北京91	大雪91
北京92	大雪92
北京93	大雪93
北京94	大雪94
北京95	大雪95
北京96	大雪96
北京97	大雪97
北京98	大雪98
北京99	大雪99
北京100	大雪100
北京101	大雪101
北京102	大雪102
北京103	大雪103
北京104	大雪104
北京105	大雪105
北京106	大雪106
北京107	大雪107
北京108	大雪108
北京109	大雪109
北京110	大雪110
北京111	大雪111
北京112	大雪112
北京113	大雪113
北京114	大雪114
北京115	大雪115
北京116	大雪116
北京117	大雪117
北京118	大雪118
北京119	大雪119
北京120	大雪120
北京121	大雪121
北京122	大雪122
北京123	大雪123
北京124	大雪124
北京125	大雪125
北京126	大雪126
北京127	大雪127
北京128	大雪128
北京129	大雪129
北京130	大雪130
北京131	大雪131
北京132	大雪132
北京133	大雪133
北京134	大雪134
北京135	大雪135
北京136	大雪136
北京137	大雪137
北京138	大雪138
北京139	大雪139
北京140	大雪140
北京141	大雪141
北京142	大雪142
北京143	大雪143
北京144	大雪144
北京145	大雪145
北京146	大雪146
北京147	大雪147
北京148	大雪148
北京149	大雪149
北京150	大雪150
北京151	大雪151
北京152	大雪152
北京153	大雪153
北京154	大雪154
北京155	大雪155
北京156	大雪156
北京157	大雪157
北京158	大雪158
北京159	大雪159
北京160	大雪160
北京161	大雪161
北京162	大雪162
北京163	大雪163
北京164	大雪164
北京165	大雪165
北京166	大雪166
北京167	大雪167
北京168	大雪168
北京169	大雪169
北京170	大雪170
北京171	大雪171
北京172	大雪172
北京173	大雪173
北京174	大雪174
北京175	大雪175
北京176	大雪176
北京177	大雪177
北京178	大雪178
北京179	大雪179
北京180	大雪180
北京181	大雪181
北京182	大雪182
北京183	大雪183
北京184	大雪184
北京185	大雪185
北京186	大雪186
北京187	大雪187
北京188	大雪188
北京189	大雪189
北京190	大雪190
北京191	大雪191
北京192	大雪192
北京193	大雪193
北京194	大雪194
北京195	大雪195
北京196	大雪196
北京197	大雪197
北京198	大雪198
北京199	大雪199
北京200	大雪200
北京201	大雪201
北京202	大雪202
北京203	大雪203
北京204	大雪204
北京205	大雪205
北京206	大雪206
北京207	大雪207
北京208	大雪208
北京209	大雪209
北京210	大雪210
北京211	大雪211
北京212	大雪212
北京213	大雪213
北京214	大雪214
北京215	大雪215
北京216	大雪216
北京217	大雪217
北京218	大雪218
北京219	大雪219
北京220	大雪220
北京221	大雪221
北京222	大雪222
北京223	大雪223
北京224	大雪224
北京225	大雪225
北京226	大雪226
北京227	大雪227
北京228	大雪228
北京229	大雪229
北京230	大雪230
北京231	大雪231
北京232	大雪232
北京233	大雪233
北京234	大雪234
北京235	大雪235
北京236	大雪236
北京237	大雪237
北京238	大雪238
北京239	大雪239
北京240	大雪240
北京241	大雪241
北京242	大雪242
北京243	大雪243
北京244	大雪244
北京245	大雪245
北京246	大雪246
北京247	大雪247
北京248	大雪248
北京249	大雪249
北京250	大雪250
北京251	大雪251
北京252	大雪252
北京253	大雪253
北京254	大雪254
北京255	大雪255
北京256	大雪256
北京257	大雪257
北京258	大雪258
北京259	大雪259
北京260	大雪260
北京261	大雪261
北京262	大雪262
北京263	大雪263
北京264	大雪264
北京265	大雪265
北京266	大雪266
北京267	大雪267
北京268	大雪268
北京269	大雪269
北京270	大雪270
北京271	大雪271
北京272	大雪272
北京273	大雪273
北京274	大雪274
北京275	大雪275
北京276	大雪276
北京277	大雪277
北京278	大雪278
北京279	大雪279
北京280	大雪280
北京281	大雪281
北京282	大雪282
北京283	大雪283
北京284	大雪284
北京285	大雪285
北京286	大雪286
北京287	大雪287
北京288	大雪288
北京289	大雪289
北京290	大雪290
北京291	大雪291
北京292	大雪292
北京293	大雪293
北京294	大雪294
北京295	大雪295
北京296	大雪296
北京297	大雪297
北京298	大雪298
北京299	大雪299
北京300	大雪300
北京301	大雪301
北京302	大雪302
北京303	大雪303
北京304	大雪304
北京305	大雪305
北京306	大雪306
北京307	大雪307
北京308	大雪308
北京309	大雪309
北京310	大雪310
北京311	大雪311
北京312	大雪312
北京313	大雪313
北京314	大雪314
北京315	大雪315
北京316	大雪316
北京317	大雪317
北京318	大雪318
北京319	大雪319
北京320	大雪320
北京321	大雪321
北京322	大雪322
北京323	大雪323
北京324	大雪324
北京325	大雪325
北京326	大雪326
北京327	大雪327
北京328	大雪328
北京329	大雪329
北京330	大雪330
北京331	大雪331
北京332	大雪332
北京333	大雪333
北京334	大雪334
北京335	大雪335
北京336	大雪336
北京337	大雪337
北京338	大雪338
北京339	大雪339
北京340	大雪340
北京341	大雪341
北京342	大雪342
北京343	大雪343
北京344	大雪344
北京345	大雪345
北京346	大雪346
北京347	大雪347
北京348	大雪348
北京349	大雪349
北京350	大雪350
北京351	大雪351
北京352	大雪352
北京353	大雪353
北京354	大雪354
北京355	大雪355
北京356	大雪356
北京357	大雪357
北京358	大雪358
北京359	大雪359
北京360	大雪360
北京361	大雪361
北京362	大雪362
北京363	大雪363
北京364	大雪364
北京365	大雪365
北京366	大雪366
北京367	大雪367
北京368	大雪368
北京369	大雪369
北京370	大雪370
北京371	大雪371
北京372	大雪372
北京373	大雪373
北京374	大雪374
北京375	大雪375
北京376	大雪376
北京377	大雪377
北京378	大雪378
北京379	大雪379
北京380	大雪380
北京381	大雪381
北京382	大雪382
北京383	大雪383
北京384	大雪384
北京385	大雪385
北京386	大雪386
北京387	大雪387
北京388	大雪388
北京389	大雪389
北京390	大雪390
北京391	大雪391
北京392	大雪392
北京393	大雪393
北京394	大雪394
北京395	大雪395
北京396	大雪396
北京397	大雪397
北京398	大雪398
北京399	大雪399
北京400	大雪400
北京401	大雪401
北京402	大雪402
北京403	大雪403
北京404	大雪404
北京405	大雪405
北京406	大雪406
北京407	大雪407
北京408	大雪408
北京409	大雪409
北京410	大雪410
北京411	大雪411
北京412	大雪412
北京413	大雪413
北京414	大雪414
北京415	大雪415
北京416	大雪416
北京417	大雪417
北京418	大雪418
北京419	大雪419
北京420	大雪420
北京421	大雪421
北京422	大雪422
北京423	大雪423
北京424	大雪424
北京425	大雪425
北京426	大雪426
北京427	大雪427
北京428	大雪428
北京429	大雪429
北京430	大雪430
北京431	大雪431
北京432	大雪432
北京433	大雪433
北京434	大雪434
北京435	大雪435
北京436	大雪436
北京437	大雪437
北京438	大雪438
北京439	大雪439
北京440	大雪440
北京441	大雪441
北京442	大雪442
北京443	大雪443
北京444	大雪444
北京445	大雪445
北京446	大雪446
北京447	大雪447
北京448	大雪448
北京449	大雪449
北京450	大雪450
北京451	大雪451
北京452	大雪452
北京453	大雪453
北京454	大雪454
北京455	大雪455
北京456	大雪456
北京457	大雪457
北京458	大雪458
北京459	大雪459
北京460	大雪460
北京461	大雪461
北京462	大雪462
北京463	大雪463
北京464	大雪464
北京465	大雪465
北京466	大雪466
北京467	大雪467
北京468	大雪468
北京469	大雪469
北京470	大雪470
北京471	大雪471
北京472	大雪472
北京473	大雪473
北京474	大雪474
北京475	大雪475
北京476	大雪476
北京477	大雪477
北京478	大雪478
北京479	大雪479
北京480	大雪480
北京481	大雪481
北京482	大雪482
北京483	大雪483
北京484	大雪484
北京485	大雪485
北京486	大雪486
北京487	大雪487
北京488	大雪488
北京489	大雪489
北京490	大雪490
北京491	大雪491
北京492	大雪492
北京493	大雪493
北京494	大雪494
北京495	大雪495
北京496	大雪496
北京497	大雪497
北京498	大雪498
北京499	大雪499
北京500	大雪500
北京501	大雪501
北京502	大雪502
北京503	大雪503
北京504	大雪504
北京505	大雪505
北京506	大雪506
北京507	大雪507
北京508	大雪508
北京509	大雪509
北京510	大雪510
北京511	大雪511
北京512	大雪512
北京513	大雪513
北京514	大雪514
北京515	大雪515
北京516	大雪516
北京517	大雪517
北京518	大雪518
北京519	大雪519
北京520	大雪520
北京521	大雪521
北京522	大雪522
北京523	大雪523
北京524	大雪524
北京525	大雪525
北京526	大雪526
北京527	大雪527
北京528	大雪528
北京529	大雪529
北京530	大雪530
北京531	大雪531
北京532	大雪532
北京533	大雪533
北京534	大雪534
北京535	大雪535
北京536	大雪536
北京537	大雪537
北京538	大雪538
北京539	大雪539
北京540	大雪540
北京541	大雪541
北京542	大雪542
北京543	大雪543
北京544	大雪544
北京545	大雪545
北京546	大雪546
北京547	大雪547
北京548	大雪548
北京549	大雪549
北京550	大雪550
北京551	大雪551
北京552	大雪552
北京553	大雪553
北京554	大雪554
北京555	大雪555
北京556	大雪556
北京557	大雪557
北京558	大雪558
北京559	大雪559
北京560	大雪560
北京561	大雪561
北京562	大雪562
北京563	大雪563
北京564	大雪564
北京565	大雪565
北京566	大雪566
北京567	大雪567
北京568	大雪568
北京569	大雪569
北京570	大雪570
北京571	大雪571
北京572	大雪572
北京573	大雪573
北京574	大雪574
北京575	大雪575
北京576	大雪576
北京577	大雪577
北京578	大雪578
北京579	大雪579
北京580	大雪580
北京581	大雪581
北京582	大雪582
北京583	大雪583
北京584	大雪584
北京585	大雪585
北京586	大雪586
北京587	大雪587
北京588	大雪588
北京589	大雪589
北京590	大雪590
北京591	大雪591
北京592	大雪592
北京593	大雪593
北京594	大雪594
北京595	大雪595
北京596	大雪596
北京597	大雪597
北京598	大雪598
北京599	大雪599
北京600	大雪600
北京601	大雪601
北京602	大雪602
北京603	大雪603
北京604	大雪604
北京605	大雪605
北京606	大雪606
北京607	大雪607
北京608	大雪608
北京609	大雪609
北京610	大雪610
北京611	大雪611
北京612	大雪612
北京613	大雪613
北京614	大雪614
北京615	大雪615
北京616	大雪616
北京617	大雪617
北京618	大雪618
北京619	大雪619
北京620	大雪620
北京621	大雪621
北京622	大雪622
北京623	大雪623
北京624	大雪624
北京625	大雪625
北京626	大雪626
北京627	大雪627
北京628	大雪628
北京629	大雪629
北京630	大雪630
北京631	大雪631
北京632	大雪632
北京633	大雪633
北京634	大雪634
北京635	大雪635
北京636	大雪636
北京637	大雪637
北京638	大雪638
北京639	大雪639
北京640	大雪640
北京641	大雪641
北京642	大雪642
北京643	大雪643
北京644	大雪644
北京645	大雪645
北京646	大雪646
北京647	大雪647
北京648	大雪648
北京649	大雪649
北京650	大雪650
北京651	大雪651
北京652	大雪652
北京653	大雪653
北京654	大雪654
北京655	大雪655
北京656	大雪656
北京657	大雪657
北京658	大雪658
北京659	大雪659
北京660	大雪660
北京661	大雪661
北京662	大雪662
北京663	大雪663
北京664	大雪664
北京665	大雪665
北京666	大雪666
北京667	大雪667
北京668	大雪668
北京669	大雪669
北京670	大雪670
北京671	大雪671
北京672	大雪672
北京673	大雪673
北京674	大雪674
北京675	大雪675
北京676	大雪676
北京677	大雪677
北京678	大雪678
北京679	大雪679
北京680	大雪680
北京681	大雪681
北京682	大雪682
北京683	大雪683
北京684	大雪684
北京685	大雪685
北京686	大雪686
北京687	大雪687
北京688	大雪688
北京689	大雪689
北京690	大雪690
北京691	大雪691
北京692	大雪692
北京693	大雪693
北京694	大雪694
北京695	大雪695
北京696	大雪696
北京697	大雪697
北京698	大雪698
北京699	大雪699
北京700	大雪700
北京701	大雪701
北京702	大雪702
北京703	大雪703
北京704	大雪704
北京705	大雪705
北京706	大雪706
北京707	大雪707
北京708	大雪708
北京709	大雪709
北京710	大雪710
北京711	大雪711
北京712	大雪712
北京713	大雪713
北京714	大雪714
北京715	大雪715
北京716	大雪716
北京717	大雪717
北京718	大雪718
北京719	大雪719
北京720	大雪720
北京721	大雪721
北京722	大雪722
北京723	大雪723
北京724	大雪724
北京725	大雪725
北京726	大雪726
北京727	大雪727
北京728	大雪728
北京729	大雪729
北京730	大雪730
北京731	大雪731
北京732	大雪732
北京733	大雪733
北京734	大雪734
北京735	大雪735
北京736	大雪736
北京737	大雪737
北京738	大雪738
北京739	大雪739
北京740	大雪740
北京741	大雪741
北京742	大雪742
北京743	大雪743
北京744	大雪744
北京745	大雪745
北京746	大雪746
北京747	大雪747
北京748	大雪748
北京749	大雪749
北京750	大雪750
北京751	大雪751
北京752	大雪752
北京753	大雪753
北京754	大雪754
北京755	大雪755
北京756	大雪756
北京757	大雪757
北京758	大雪758
北京759	大雪759
北京760	大雪760
北京761	大雪761
北京762	大雪762
北京763	大雪763
北京764	大雪764
北京765	大雪765
北京766	大雪766
北京767	大雪767
北京768	大雪768
北京769	大雪769
北京770	大雪770
北京771	大雪771
北京772	大雪772
北京773	大雪773
北京774	大雪774
北京775	大雪775
北京776	大雪776
北京777	大雪777
北京778	大雪778
北京779	大雪779
北京780	大雪780
北京781	大雪781
北京782	大雪782
北京783	大雪783
北京784	大雪784
北京785	大雪785
北京786	大雪786
北京787	大雪787
北京788	大雪788
北京789	大雪789
北京790	大雪790
北京791	大雪791
北京792	大雪792
北京793	大雪793
北京794	大雪794
北京795	大雪795
北京796	大雪796
北京797	大雪797
北京798	大雪798
北京799	大雪799
北京800	大雪800
北京801	大雪801
北京802	大雪802
北京803	大雪803
北京804	大雪804
北京805	大雪805
北京806	大雪806
北京807	大雪807
北京808	大雪808
北京809	大雪809
北京810	大雪810
北京811	大雪811
北京812	大雪812
北京813	大雪813
北京814	大雪814
北京815	大雪815
北京816	大雪816
北京817	大雪817
北京818	大雪818
北京819	大雪819
北京820	大雪820
北京821	大雪821
北京822	大雪822
北京823	大雪823
北京824	大雪824
北京825	大雪825
北京826	大雪826
北京827	大雪827
北京828	大雪828
北京829	大雪829
北京830	大雪830
北京831	大雪831
北京832	大雪832
北京833	大雪833
北京834	大雪834
北京835	大雪835
北京836	大雪836
北京837	大雪837
北京838	大雪838
北京839	大雪839
北京840	大雪840
北京841	大雪841
北京842	大雪842
北京843	大雪843
北京844	大雪844
北京845	大雪845
北京846	大雪846
北京847	大雪847
北京848	大雪848
北京849	大雪849
北京850	大雪850
北京851	大雪851
北京852	大雪852
北京853	大雪853
北京854	大雪854
北京855	大雪855
北京856	大雪856
北京857	大雪857
北京858	大雪858
北京859	大雪859
北京860	大雪860
北京861	大雪861
北京862	大雪862
北京863	大雪863
北京864	大雪864
北京865	大雪865
北京866	大雪866
北京867	大雪867
北京868	大雪868
北京869	大雪869
北京870	大雪870
北京871	大雪871
北京872	大雪872
北京873	大雪873
北京874	大雪874
北京875	大雪875
北京876	大雪876
北京877	大雪877
北京878	大雪878
北京879	大雪879
北京880	大雪880
北京881	大雪881
北京882	大雪882
北京883	大雪883
北京884	大雪884
北京885	大雪885
北京886	大雪886
北京887	大雪887
北京888	大雪888
北京889	大雪889
北京890	大雪890
北京891	大雪891
北京892	大雪892
北京893	大雪893
北京894	大雪894
北京895	大雪895
北京896	大雪896
北京897	大雪897
北京898	大雪898
北京899	大雪899
北京900	大雪900
北京901	大雪901
北京902	大雪902
北京903	大雪903
北京904	大雪904
北京905	大雪905
北京906	大雪906
北京907	大雪907
北京908	大雪908
北京909	大雪909
北京910	大雪910
北京911	大雪911
北京912	大雪912
北京913	大雪913
北京914	大雪914
北京915	大雪915
北京916	大雪916
北京917	大雪917
北京918	大雪918
北京919	大雪919
北京920	大雪920
北京921	大雪921
北京922	大雪922
北京923	大雪923
北京924	大雪924
北京925	大雪925
北京926	大雪926
北京927	大雪927
北京928	大雪928
北京929	大雪929
北京930	大雪930
北京931	大雪931
北京932	大雪932
北京933	大雪933
北京934	大雪934
北京935	大雪935
北京936	大雪936
北京937	大雪937
北京938	大雪938
北京939	大雪939
北京940	大雪940
北京941	大雪941
北京942	大雪942
北京943	大雪943
北京944	大雪944
北京945	大雪945
北京946	大雪946
北京947	大雪947
北京948	大雪948
北京949	大雪949
北京950	大雪950
北京951	大雪951
北京952	大雪952
北京953	大雪953
北京954	大雪954
北京955	大雪955
北京956	大雪956
北京957	大雪957
北京958	大雪958
北京959	大雪959
北京960	大雪960
北京961	大雪961
北京962	大雪962
北京963	大雪963
北京964	大雪964
北京965	大雪965
北京966	大雪966
北京967	大雪967
北京968	大雪968
北京969	大雪969
北京970	大雪970
北京971	大雪971
北京972	大雪972
北京973	大雪973
北京974	大雪974
北京975	大雪975
北京976	大雪976
北京977	大雪977
北京978	大雪978
北京979	大雪979
北京980	大雪980
北京981	大雪981
北京982	大雪982
北京983	大雪983
北京984	大雪984
北京985	大雪985
北京986	大雪986
北京987	大雪987
北京988	大雪988
北京989	大雪989
北京990	大雪990
北京991	大雪991
北京992	大雪992
北京993	大雪993
北京994	大雪994
北京995	大雪995
北京996	大雪996
北京997	大雪997
北京998	大雪998
北京999	大雪999
北京1000	大雪1000
北京1001	大雪1001
北京1002	大雪1002
北京1003	大雪1003
北京1004	大雪1004
北京1005	大雪1005
北京1006	大雪1006
北京1007	大雪1007
北京1008	大雪1008
北京1009	大雪1009
北京1010	大雪1010
北京1011	大雪1011
北京1012	大雪1012
北京1013	大雪1013
北京1014	大雪1014
北京1015	大雪1015
北京1016	大雪1016
北京1017	大雪1017
北京1018	大雪1018
北京1019	大雪1019
北京1020	大雪1020
北京1021	大雪1021
北京1022	大雪1022
北京1023	大雪1023
北京1024	大雪1024
北京1025	大雪1025
北京1026	大雪1026
北京1027	大雪1027
北京1028	大雪1028
北京1029	大雪1029
北京1030	大雪1030
北京1031	大雪1031
北京1032	大雪1032
北京1033	大雪1033
北京1034	大雪1034
北京1035	大雪1035
北京1036	大雪1036
北京1037	大雪1037
北京1038	大雪1038
北京1039	大雪1039
北京1040	大雪1040
北京1041	大雪1041
北京1042	大雪1042
北京1043	大雪1043
北京1044	大雪1044
北京1045	大雪1045
北京1046	大雪1046
北京1047	大雪1047
北京1048	大雪1048
北京1049	大雪1049
北京1050	大雪1050
北京1051	大雪1051
北京1052	大雪1052
北京1053	大雪1053
北京1054	大雪1054
北京1055	大雪1055
北京1056	大雪1056
北京1057	大雪1057
北京1058	大雪1058
北京1059	大雪1059
北京1060	大雪1060
北京1061	大雪1061
北京1062	大雪1062
北京1063	大雪1063
北京1064	大雪1064
北京1065	大雪1065
北京1066	大雪1066
北京1067	大雪1067
北京1068	大雪1068
北京1069	大雪1069
北京1070	大雪1070
北京1071	大雪1071
北京1072	大雪1072
北京1073	大雪1073
北京1074	大雪1074
北京1075	大雪1075
北京1076	大雪1076
北京1077	大雪1077
北京1078	大雪1078
北京1079	大雪1079
北京1080	大雪1080
北京1081	大雪1081
北京1082	大雪1082
北京1083	大雪1083
北京1084	大雪1084
北京1085	大雪1085
北京1086	大雪1086
北京1087	大雪1087
北京1088	大雪1088
北京1089	大雪1089
北京1090	大雪1090
北京1091	大雪1091
北京1092	大雪1092
北京1093	大雪1093
北京1094	大雪1094
北京1095	大雪1095
北京1096	大雪1096
北京1097	大雪1097
北京1098	大雪1098
北京1099	大雪1099
北京1100	大雪1100
北京1101	大雪1101
北京1102	大雪1102
北京1103	大雪1103
北京1104	大雪1104
北京1105	大雪1105
北京1106	大雪1106
北京1107	大雪1107
北京1108	大雪1108
北京1109	大雪1109
北京1110	大雪1110
北京1111	大雪1111
北京1112	大雪1112
北京1113	大雪1113
北京1114	大雪1114
北京1115	大雪1115
北京1116	大雪1116
北京1117	大雪1117
北京1118	大雪1118
北京1119	大雪1119
北京1120	大雪1120
北京1121	大雪1121
北京1122	大雪1122
北京1123	大雪1123
北京1124	大雪1124
北京1125	大雪1125
北京1126	大雪1126
北京1127	大雪1127
北京1128	大雪1128
北京1129	大雪1129
北京1130	大雪1130
北京1131	大雪1131
北京1132	大雪1132
北京1133	大雪1133
北京1134	大雪1134
北京1135	大雪1135
北京1136	大雪1136
北京1137	大雪1137
北京1138	大雪1138
北京1139	大雪1139
北京1140	大雪1140
北京1141	大雪1141
北京1142	大雪1142
北京1143	大雪1143
北京1144	大雪1144
北京1145	大雪1145
北京1146	大雪1146
北京1147	大雪1147
北京1148	大雪1148
北京1149	大雪1149
北京1150	大雪1150
北京1151	大雪1151
北京1152	大雪1152
北京1153	大雪1153
北京1154	大雪1154
北京1155	大雪1155
北京1156	大雪1156
北京1157	大雪1157
北京1158	大雪1158
北京1159	大雪1159
北京1160	大雪1160
北京1161	大雪1161
北京1162	大雪1162
北京1163	大雪1163
北京1164	大雪1164
北京1165	大雪1165
北京1166	大雪1166
北京1167	大雪1167
北京1168	大雪1168
北京1169	大雪1169
北京1170	大雪1170
北京1171	大雪1171
北京1172	大雪1172
北京1173	大雪1173
北京1174	大雪1174
北京1175	大雪1175
北京1176	大雪1176
北京1177	大雪1177
北京1178	大雪1178
北京1179	大雪1179
北京1180	大雪1180
北京1181	大雪1181
北京1182	大雪1182
北京1183	大雪1183
北京1184	大雪1184
北京1185	大雪1185
北京1186	大雪1186
北京1187	大雪1187
北京1188	大雪1188
北京1189	大雪1189
北京1190	大雪1190
北京1191	大雪1191
北京1192	大雪1192
北京1193	大雪1193
北京1194	大雪1194
北京1195	大雪1195
北京1196	大雪1196
北京1197	大雪1197
北京1198	大雪1198
北京1199	大雪1199
北京1200	大雪1200
北京1201	大雪1201
北京1202	大雪1202
北京1203	大雪1203
北京1204	大雪1204
北京1205	大雪1205
北京1206	大雪1206
北京1207	大雪1207
北京1208	大雪1208
北京1209	大雪1209
北京1210	大雪1210
北京1211	大雪1211
北京1212	大雪1212
北京1213	大雪1213
北京1214	大雪1214
北京1215	大雪1215
北京1216	大雪1216
北京1217	大雪1217
北京1218	大雪1218
北京1219	大雪1219
北京1220	大雪1220
北京1221	大雪1221
北京1222	大雪1222
北京1223	大雪1223
北京1224	大雪1224
北京1225	大雪1225
北京1226	大雪1226
北京1227	大雪1227
北京1228	大雪1228
北京1229	大雪1229
北京1230	大雪1230
北京1231	大雪1231
北京1232	大雪1232
北京1233	大雪1233
北京1234	大雪1234
北京1235	大雪1235
北京1236	大雪1236
北京1237	大雪1237
北京1238	大雪1238
北京1239	大雪1239
北京1240	大雪1240
北京1241	大雪1241
北京1242	大雪1242
北京1243	大雪1243
北京1244	大雪1244
北京1245	大雪1245
北京1246	大雪1246
北京1247	大雪1247
北京1248	大雪1248
北京1249	大雪1249
北京1250	大雪1250
北京1251	大雪1251
北京1252	大雪1252
北京1253	大雪1253
北京1254	大雪1254
北京1255	大雪1255
北京1256	大雪1256
北京1257	大雪1257
北京1258	大雪1258
北京1259	大雪1259
北京1260	大雪1260
北京1261	大雪1261
北京1262	大雪1262
北京1263	大雪1263
北京1264	大雪1264
北京1265	大雪1265
北京1266	大雪1266
北京1267	大雪1267
北京1268	大雪1268
北京1269	大雪1269
北京1270	大雪1270
北京1271	大雪1271
北京1272	大雪1272
北京1273	大雪1273
北京1274	大雪1274
北京1275	大雪1275
北京1276	大雪1276
北京1277	大雪1277
北京1278	大雪1278
北京1279	大雪1279
北京1280	大雪1280
北京1281	大雪1281
北京1282	大雪1282
北京1283	大雪1283
北京1284	大雪1284
北京1285	大雪1285
北京1286	大雪1286
北京1287	大雪1287
北京1288	大雪1288
北京1289	大雪1289
北京1290	大雪1290
北京1291	大雪1291
北京1292	大雪1292
北京1293	大雪1293
北京1294	大雪1294
北京1295	大雪1295
北京1296	大雪1296
北京1297	大雪1297
北京1298	大雪1298
北京1299	大雪1299
北京1300	大雪1300
北京1301	大雪1301
北京1302	大雪1302
北京1303	大雪1303
北京1304	大雪1304
北京1305	大雪1305
北京1306	大雪1306
北京1307	大雪1307
北京1308	大雪1308
北京1309	大雪1309
北京1310	大雪1310
北京1311	大雪1311
北京1312	大雪1312
北京1313	大雪1313
北京1314	大雪1314
北京1315	大雪1315
北京1316	大雪1316
北京1317	大雪1317
北京1318	大雪1318
北京1319	大雪1319
北京1320	大雪1320
北京1321	大雪1321
北京1322	大雪1322
北京1323	大雪1323
北京1324	大雪1324
北京1325	大雪1325
北京1326	大雪1326
北京1327	大雪1327
北京1328	大雪1328
北京1329	大雪1329
北京1330	大雪1330
北京1331	大雪1331
北京1332	大雪1332
北京1333	大雪1333
北京1334	大雪1334
北京1335	大雪1335
北京1336	大雪1336
北京1337	大雪1337
北京1338	大雪1338
北京1339	大雪1339
北京1340	大雪1340
北京1341	大雪1341
北京1342	大雪1342
北京1343	大雪1343
北京1344	大雪1344
北京1345	大雪1345
北京1346	大雪1346
北京1347	大雪1347
北京1348	大雪1348
北京1349	大雪1349
北京1350	大雪1350
北京1351	大雪1351
北京1352	大雪1352
北京1353	大雪1353
北京1354	大雪1354
北京1355	大雪1355
北京1356	大雪1356
北京1357	大雪1357
北京1358	大雪1358
北京1359	大雪1359
北京1360	大雪1360
北京1361	大雪1361
北京1362	大雪1362
北京1363	大雪1363
北京1364	大雪1364
北京1365	大雪1365
北京1366	大雪1366
北京1367	大雪1367
北京1368	大雪1368
北京1369	大雪1369
北京1370	大雪1370
北京1371	大雪1371
北京1372	大雪1372
北京1373	大雪1373
北京1374	大雪1374
北京1375	大雪1375
北京1376	大雪1376
北京1377	大雪1377
北京1378	大雪1378
北京1379	大雪1379
北京1380	大雪1380
北京1381	大雪1381
北京1382	大雪1382
北京1383	大雪1383
北京1384	大雪1384
北京1385	大雪1385
北京1386	大雪1386
北京1387	大雪1387
北京1388	大雪1388
北京1389	大雪1389
北京1390	大雪1390
北京1391	大雪1391
北京1392	大雪1392
北京1393	大雪1393
北京1394	大雪1394
北京1395	大雪1395
北京1396	大雪1396
北京1397	大雪1397
北京1398	大雪1398
北京1399	大雪1399
北京1400	大雪1400
北京1401	大雪1401
北京1402	大雪1402
北京1403	大雪1403
北京1404	大雪1404
北京1405	大雪1405
北京1406	大雪1406
北京1407	大雪1407
北京1408	大雪1408
北京1409	大雪1409
北京1410	大雪1410
北京1411	大雪1411
北京1412	大雪1412
北京1413	大雪1413
北京1414	大雪1414
北京1415	大雪1415
北京1416	大雪1416
北京1417	大雪1417
北京1418	大雪1418
北京1419	大雪1419
北京1420	大雪1420
北京1421	大雪1421
北京1422	大雪1422
北京1423	大雪1423
北京1424	大雪1424
北京1425	大雪1425
北京1426	大雪1426
北京1427	大雪1427
北京1428	大雪1428
北京1429	大雪1429
北京1430	大雪1430
北京1431	大雪1431
北京1432	大雪1432
北京1433	大雪1433
北京1434	大雪1434
北京1435	大雪1435
北京1436	大雪1436
北京1437	大雪1437
北京1438	大雪1438
北京1439	大雪1439
北京1440	大雪1440
北京1441	大雪1441
北京1442	大雪1442
北京1443	大雪1443
北京1444	大雪1444
北京1445	大雪1445
北京1446	大雪1446
北京1447	大雪1447
北京1448	大雪1448
北京1449	大雪1449
北京1450	大雪1450
北京1451	大雪1451
北京1452	大雪1452
北京1453	大雪1453
北京1454	大雪1454
北京1455	大雪1455
北京1456	大雪1456
北京1457	大雪1457
北京1458	大雪1458
北京1459	大雪1459
北京1460	大雪1460
北京1461	大雪1461
北京1462	大雪1462
北京1463	大雪1463
北京1464	大雪1464
北京1465	大雪1465
北京1466	大雪1466
北京1467	大雪1467
北京1468	大雪1468
北京1469	大雪1469
北京1470	大雪1470
北京1471	大雪1471
北京1472	大雪1472
北京1473	大雪1473
北京1474	大雪1474
北京1475	大雪1475
北京1476	大雪1476
北京1477	大雪1477
北京1478	大雪1478
北京1479	大雪1479
北京1480	大雪1480
北京1481	大雪1481
北京1482	大雪1482
北京1483	大雪1483
北京1484	大雪1484
北京1485	大雪1485
北京1486	大雪1486
北京1487	大雪1487
北京1488	大雪1488
北京1489	大雪1489
北京1490	大雪1490
北京1491	大雪1491
北京1492	大雪1492
北京1493	大雪1493
北京1494	大雪1494
北京1495	大雪1495
北京1496	大雪1496
北京1497	大雪1497
北京1498	大雪1498
北京1499	大雪1499
北京1500	大雪1500
北京1501	大雪1501
北京1502	大雪1502
北京1503	大雪1503
北京1504	大雪1504
北京1505	大雪1505
北京1506	大雪1506
北京1507	大雪1507
北京1508	大雪1508
北京1509	大雪1509
北京1510	大雪1510
北京1511	大雪1511
北京1512	大雪1512
北京1513	大雪1513
北京1514	大雪1514
北京1515	大雪1515
北京1516	大雪1516
北京1517	大雪1517
北京1518	大雪1518
北京1519	大雪1519
北京1520	大雪1520
北京1521	大雪1521
北京1522	大雪1522
北京1523	大雪1523
北京1524	大雪1524
北京1525	大雪1525
北京1526	大雪1526
北京1527	大雪1527
北京1528	大雪1528
北京1529	大雪1529
北京1530	大雪1530
北京1531	大雪1531
北京1532	大雪1532
北京1533	大雪1533
北京1534	大雪1534
北京1535	大雪1535
北京1536	大雪1536
北京1537	大雪1537
北京1538	大雪1538
北京1539	大雪1539
北京1540	大雪1540
北京1541	大雪1541
北京1542	大雪1542
北京1543	大雪1543
北京1544	大雪1544
北京1545	大雪1545
北京1546	大雪1546
北京1547	大雪1547
北京1548	大雪1548
北京1549	大雪1549
北京1550	大雪1550
北京1551	大雪1551
北京1552	大雪1552
北京1553	大雪1553
北京1554	大雪1554
北京1555	大雪1555
北京1556	大雪1556
北京1557	大雪1557
北京1558	大雪1558
北京1559	大雪1559
北京1560	大雪1560
北京1561	大雪1561
北京1562	大雪1562
北京1563	大雪1563
北京1564	大雪1564
北京1565	大雪1565
北京1566	大雪1566
北京1567	大雪1567
北京1568	大雪1568
北京1569	大雪1569
北京1570	大雪1570
北京1571	大雪1571
北京1572	大雪1572
北京1573	大雪1573
北京1574	大雪1574
北京1575	大雪1575
北京1576	大雪1576
北京1577	大雪1577
北京1578	大雪1578
北京1579	大雪1579
北京1580	大雪1580
北京1581	大雪1581
北京1582	大雪1582
北京1583	大雪1583
北京1584	大雪1584
北京1585	大雪1585
北京1586	大雪1586
北京1587	大雪1587
北京1588	大雪1588
北京1589	大雪1589
北京1590	大雪1590
北京1591	大雪1591
北京1592	大雪1592
北京1593	大雪1593
北京1594	大雪1594
北京1595	大雪1595
北京1596	大雪1596
北京1597	大雪1597
北京1598	大雪1598
北京1599	大雪1599
北京1600	大雪1600
北京1601	大雪1601
北京1602	大雪1602
北京1603	大雪1603
北京1604	大雪1604
北京1605	大雪1605
北京1606	大雪1606
北京1607	大雪1607
北京1608	大雪1608
北京1609	大雪1609
北京1610	大雪1610
北京1611	大雪1611
北京1612	大雪1612
北京1613	大雪1613
北京1614	大雪1614
北京1615	大雪1615
北京1616	大雪1616
北京1617	大雪1617
北京1618	大雪1618
北京1619	大雪1619
北京1620	大雪1620
北京1621	大雪1621
北京1622	大雪1622
北京1623	大雪1623
北京1624	大雪1624
北京1625	大雪1625
北京1626	大雪1626
北京1627	大雪1627
北京1628	大雪1628
北京1629	大雪1629
北京1630	大雪1630
北京1631	大雪1631
北京1632	大雪1632
北京1633	大雪1633
北京1634	大雪1634
北京1635	大雪1635
北京1636	大雪1636
北京1637	大雪1637
北京1638	大雪1638
北京1639	大雪1639
北京1640	大雪1640
北京1641	大雪1641
北京1642	大雪1642
北京1643	大雪1643
北京1644	大雪1644
北京1645	大雪1645
北京1646	大雪1646
北京1647	大雪1647
北京1648	大雪1648
北京1649	大雪1649
北京1650	大雪1650
北京1651	大雪1651
北京1652	大雪1652
北京1653	大雪1653
北京1654	大雪1654
北京1655	大雪1655
北京1656	大雪1656
北京1657	大雪1657
北京1658	大雪1658
北京1659	大雪1659
北京1660	大雪1660
北京1661	大雪1661
北京1662	大雪1662
北京1663	大雪1663
北京1664	大雪1664
北京1665	大雪1665
北京1666	大雪1666
北京1667	大雪1667
北京1668	大雪1668
北京1669	大雪1669
北京1670	大雪1670
北京1671	大雪1671
北京1672	大雪1672
北京1673	大雪1673
北京1674	大雪1674
北京1675	大雪1675
北京1676	大雪1676
北京1677	大雪1677
北京1678	大雪1678
北京1679	大雪1679
北京1680	大雪1680
北京1681	大雪1681
北京1682	大雪1682
北京1683	大雪1683
北京1684	大雪1684
北京1685	大雪1685
北京1686	大雪1686
北京1687	大雪1687
北京1688	大雪1688
北京1689	大雪1689
北京1690	大雪1690
北京1691	大雪1691
北京1692	大雪1692
北京1693	大雪1693
北京1694	大雪1694
北京1695	大雪1695
北京1696	大雪1696
北京1697	大雪1697
北京1698	大雪1698
北京1699	大雪1699
北京1700	大雪1700
北京1701	大雪1701
北京1702	大雪1702
北京1703	大雪1703
北京1704	大雪1704
北京1705	大雪1705
北京1706	大雪1706
北京1707	大雪1707
北京1708	大雪1708
北京1709	大雪1709
北京1710	大雪1710
北京1711	大雪1711
北京1712	大雪1712
北京1713	大雪1713
北京1714	大雪1714
北京1715	大雪1715
北京1716	大雪1716
北京1717	大雪1717
北京1718	大雪1718
北京1719	大雪1719
北京1720	大雪1720
北京1721	大雪1721
北京1722	大雪1722
北京1723	大雪1723
北京1724	大雪1724
北京1725	大雪1725
北京1726	大雪1726
北京1727	大雪1727
北京1728	大雪1728
北京1729	大雪1729
北京1730	大雪1730
北京1731	大雪1731
北京1732	大雪1732
北京1733	大雪1733
北京1734	大雪1734
北京1735	大雪1735
北京1736	大雪1736
北京1737	大雪1737
北京1738	大雪1738
北京1739	大雪1739
北京1740	大雪1740
北京1741	大雪1741
北京1742	大雪1742
北京1743	大雪1743
北京1744	大雪1744
北京1745	大雪1745
北京1746	大雪1746
北京1747	大雪1747
北京1748	大雪1748
北京1749	大雪1749
北京1750	大雪1750
北京1751	大雪1751
北京1752	大雪1752
北京1753	大雪1753
北京1754	大雪1754
北京1755	大雪1755
北京1756	大雪1756
北京1757	大雪1757
北京1758	大雪1758
北京1759	大雪1759
北京1760	大雪1760
北京1761	大雪1761
北京1762	大雪1762
北京1763	大雪1763
北京1764	大雪1764
北京1765	大雪1765
北京1766	大雪1766
北京1767	大雪1767
北京1768	大雪1768
北京1769	大雪1769
北京1770	大雪1770
北京1771	大雪1771
北京1772	大雪1772
北京1773	大雪1773
北京1774	大雪1774
北京1775	大雪1775
北京1776	大雪1776
北京1777	大雪1777
北京1778	大雪1778
北京1779	大雪1779
北京1780	大雪1780
北京1781	大雪1781
北京1782	大雪1782
北京1783	大雪1783
北京1784	大雪1784
北京1785	大雪1785
北京1786	大雪1786
北京1787	大雪1787
北京1788	大雪1788
北京1789	大雪1789
北京1790	大雪1790
北京1791	大雪1791
北京1792	大雪1792
北京1793	大雪1793
北京1794	大雪1794
北京1795	大雪1795
北京1796	大雪1796
北京1797	大雪1797
北京1798	大雪1798
北京1799	大雪1799
北京1800	大雪1800
北京1801	大雪1801
北京1802	大雪1802
北京1803	大雪1803
北京1804	大雪1804
北京1805	大雪1805
北京1806	大雪1806
北京1807	大雪1807
北京1808	大雪1808
北京1809	大雪1809
北京1810	大雪1810
北京1811	大雪1811
北京1812	大雪1812
北京1813	大雪1813
北京1814	大雪1814
北京1815	大雪1815
北京1816	大雪1816
北京1817	大雪1817
北京1818	大雪1818
北京1819	大雪1819
北京1820	大雪1820
北京1821	大雪1821
北京1822	大雪1822
北京1823	大雪1823
北京1824	大雪1824
北京1825	大雪1825
北京1826	大雪1826
北京1827	大雪1827
北京1828	大雪1828
北京1829	大雪1829
北京1830	大雪1830
北京1831	大雪1831
北京1832	大雪1832
北京1833	大雪1833
北京1834	大雪1834
北京1835	大雪1835
北京1836	大雪1836
北京1837	大雪1837
北京1838	大雪1838
北京1839	大雪1839
北京1840	大雪1840
北京1841	大雪1841
北京1842	大雪1842
北京1843	大雪1843
北京1844	大雪1844
北京1845	大雪1845
北京1846	大雪1846
北京1847	大雪1847
北京1848	大雪1848
北京1849	大雪1849
北京1850	大雪1850
北京1851	大雪1851
北京1852	大雪1852
北京1853	大雪1853
北京1854	大雪1854
北京1855	大雪1855
北京1856	大雪1856
北京1857	大雪1857
北京1858	大雪1858
北京1859	大雪1859
北京1860	大雪1860
北京1861	大雪1861
北京1862	大雪1862
北京1863	大雪1863
北京1864	大雪1864
北京1865	大雪1865
北京1866	大雪1866
北京1867	大雪1867
北京1868	大雪1868
北京1869	大雪1869
北京1870	大雪1870
北京1871	大雪1871
北京1872	大雪1872
北京1873	大雪1873
北京1874	大雪1874
北京1875	大雪1875
北京1876	大雪1876
北京1877	大雪1877
北京1878	大雪1878
北京1879	大雪1879
北京1880	大雪1880
北京1881	大雪1881
北京1882	大雪1882
北京1883	大雪1883
北京1884	大雪1884
北京1885	大雪1885
北京1886	大雪1886
北京1887	大雪1887
北京1888	大雪1888
北京1889	大雪1889
北京1890	大雪1890
北京1891	大雪1891
北京1892	大雪1892
北京1893	大雪1893
北京1894	大雪1894
北京1895	大雪1895
北京1896	大雪1896
北京1897	大雪1897
北京1898	大雪1898
北京1899	大雪1899
北京1900	大雪1900
北京1901	大雪1901
北京1902	大雪1902
北京1903	大雪1903
北京1904	大雪1904
北京1905	大雪1905
北京1906	大雪1906
北京1907	大雪1907
北京1908	大雪1908
北京1909	大雪1909
北京1910	大雪1910
北京1911	大雪1911
北京1912	大雪1912
北京1913	大雪1913
北京1914	大雪1914
北京1915	大雪1915
北京1916	大雪1916
北京1917	大雪1917
北京1918	大雪1918
北京1919	大雪1919
北京1920	大雪1920
北京1921	大雪1921
北京1922	大雪1922
北京1923	大雪1923
北京1924	大雪1924
北京1925	大雪1925
北京1926	大雪1926
北京1927	大雪1927
北京1928	大雪1928
北京1929	大雪1929
北京1930	大雪1930
北京1931	大雪1931
北京1932	大雪1932
北京1933	大雪1933
北京1934	大雪1934
北京1935	大雪1935
北京1936	大雪1936
北京1937	大雪1937
北京1938	大雪1938
北京1939	大雪1939
北京1940	大雪1940
北京1941	大雪1941
北京1942	大雪1942
北京1943	大雪1943
北京1944	大雪1944
北京1945	大雪1945
北京1946	大雪1946
北京1947	大雪1947
北京1948	大雪1948
北京1949	大雪1949
北京1950	大雪1950
北京1951	大雪1951
北京1952	大雪1952
北京1953	大雪1953
北京1954	大雪1954
北京1955	大雪1955
北京1956	大雪1956
北京1957	大雪1957
北京1958	大雪1958
北京1959	大雪1959
北京1960	大雪1960
北京1961	大雪1961
北京1962	大雪1962
北京1963	大雪1963
北京1964	大雪1964
北京1965	大雪1965
北京1966	大雪1966
北京1967	大雪1967
北京1968	大雪1968
北京1969	大雪1969
北京1970	大雪1970
北京1971	大雪1971
北京1972	大雪1972
北京1973	大雪1973
北京1974	大雪1974
北京1975	大雪1975
北京1976	大雪1976
北京1977	大雪1977
北京1978	大雪1978
北京1979	大雪1979
北京1980	大雪1980
北京1981	大雪1981
北京1982	大雪1982
北京1983	大雪1983
北京1984	大雪1984
北京1985	大雪1985
北京1986	大雪1986
北京1987	大雪1987
北京1988	大雪1988
北京1989	大雪1989
北京1990	大雪1990
北京1991	大雪1991
北京1992	大雪1992
北京1993	大雪1993
北京1994	大雪1994
北京1995	大雪1995
北京1996	大雪1996
北京1997	大雪1997
北京1998	大雪1998
北京1999	大雪1999
北京2000	大雪2000
北京2001	大雪2001
北京2002	大雪2002
北京2003	大雪2003
北京2004	大雪2004
北京2005	大雪2005
北京2006	大雪2006
北京2007	大雪2007
北京2008	大雪2008
北京2009	大雪2009
北京2010	大雪2010
北京2011	大雪2011
北京2012	大雪2012
北京2013	大雪2013
北京2014	大雪2014
北京2015	大雪2015
北京2016	大雪2016
北京2017	大雪2017
北京2018	大雪2018
北京2019	大雪2019
北京2020	大雪2020
北京2021	大雪2021
北京2022	大雪2022
北京2023	大雪2023
北京2024	大雪2024
北京2025	大雪2025
北京2026	大雪2026
北京2027	大雪2027
北京2028	大雪2028
北京2029	大雪2029
北京2030	大雪2030
北京2031	大雪2031
北京2032	大雪2032
北京2033	大雪2033
北京2034	大雪2034
北京2035	大雪2035
北京2036	大雪2036
北京2037	大雪2037
北京2038	大雪2038
北京2039	大雪2039
北京2040	大雪2040
北京2041	大雪2041
北京2042	大雪2042
北京2043	大雪2043
北京2044	大雪2044
北京2045	大雪2045
北京2046	大雪2046
北京2047	大雪2047
北京2048	大雪2048
北京2049	大雪2049
北京2050	大雪2050
北京2051	大雪2051
北京2052	大雪2052
北京2053	大雪2053
北京2054	大雪2054
北京2055	大雪2055
北京2056	大雪2056
北京2057	大雪2057
北京2058	大雪2058
北京2059	大雪2059
北京2060	大雪2060
北京2061	大雪2061
北京2062	大雪2062
北京2063	大雪2063
北京2064	大雪2064
北京2065	大雪2065
北京2066	大雪2066
北京2067	大雪2067
北京2068	大雪2068
北京2069	大雪2069
北京2070	大雪2070
北京2071	大雪2071
北京2072	大雪2072
北京2073	大雪2073
北京2074	大雪2074
北京2075	大雪2075
北京2076	大雪2076
北京2077	大雪2077
北京2078	大雪2078
北京2079	大雪2079
北京2080	大雪2080
北京2081	大雪2081
北京2082	大雪2082
北京2083	大雪2083
北京2084	大雪2084
北京2085	大雪2085
北京2086	大雪2086
北京2087	大雪2087
北京2088	大雪2088
北京2089	大雪2089
北京2090	大雪2090
北京2091	大雪2091
北京2092	大雪2092
北京2093	大雪2093
北京2094	大雪2094
北京2095	大雪2095
北京2096	大雪2096
北京2097	大雪2097
北京2098	大雪2098
北京2099	大雪2099
北京2100	大雪2100
北京2101	大雪2101
北京2102	大雪2102
北京2103	大雪2103
北京2104	大雪2104
北京2105	大雪2105
北京2106	大雪2106
北京2107	大雪2107
北京2108	大雪2108
北京2109	大雪2109
北京2110	大雪2110
北京2111	大雪2111
北京2112	大雪2112
北京2113	大雪2113
北京2114	大雪2114
北京2115	大雪2115
北京2116	大雪2116
北京2117	大雪2117
北京2118	大雪2118
北京2119	大雪2119
北京2120	大雪2120
北京2121	大雪2121
北京2122	大雪2122
北京2123	大雪2123
北京2124	大雪2124
北京2125	大雪2125
北京2126	大雪2126
北京2127	大雪2127
北京2128	大雪2128
北京2129	大雪2129
北京2130	大雪2130
北京2131	大雪2131
北京2132	大雪2132
北京2133	大雪2133
北京2134	大雪2134
北京2135	大雪2135
北京2136	大雪2136
北京2137	大雪2137
北京2138	大雪2138
北京2139	大雪2139
北京2140	大雪2140
北京2141	大雪2141
北京2142	大雪2142
北京2143	大雪2143
北京2144	大雪2144
北京2145	大雪2145
北京2146	大雪2146
北京2147	大雪2147
北京2148	大雪2148
北京2149	大雪2149
北京2150	大雪2150
北京2151	大雪2151
北京2152	大雪2152
北京2153	大雪2153
北京2154	大雪2154
北京2155	大雪2155
北京2156	大雪2156
北京2157	大雪2157
北京2158	大雪2158
北京2159	大雪2159
北京2160	大雪2160
北京2161	大雪2161
北京2162	大雪2162
北京2163	大雪2163
北京2164	大雪2164
北京2165	大雪2165
北京2166	大雪2166
北京2167	大雪2167
北京2168	大雪2168
北京2169	大雪2169
北京2170	大雪2170
北京2171	大雪2171
北京2172	大雪2172
北京2173	大雪2173
北京2174	大雪2174
北京2175	大雪2175
北京2176	大雪2176
北京2177	大雪2177
北京2178	大雪2178
北京2179	大雪2179
北京2180	大雪2180
北京2181	大雪2181
北京2182	大雪2182
北京2183	大雪2183
北京2184	大雪2184
北京2185	大雪2185
北京2186	大雪2186
北京2187	大雪2187
北京2188	大雪2188
北京2189	大雪2189
北京2190	大雪2190
北京2191	大雪2191
北京2192	大雪2192
北京2193	大雪2193
北京2194	大雪2194
北京2195	大雪2195
北京2196	大雪2196
北京2197	大雪2197
北京2198	大雪2198
北京2199	大雪2199
北京2200	大雪2200
北京2201	大雪2201
北京2202	大雪2202
北京2203	大雪2203
北京2204	大雪2204
北京2205	大雪2205
北京2206	大雪2206
北京2207	大雪2207
北京2208	大雪2208
北京2209	大雪2209
北京2210	大雪2210
北京2211	大雪2211
北京2212	大雪2212
北京2213	大雪2213
北京2214	大雪2214
北京2215	大雪2215
北京2216	大雪2216
北京2217	大雪2217
北京2218	大雪2218
北京2219	大雪2219
北京2220	大雪2220
北京2221	大雪2221
北京2222	大雪2222
北京2223	大雪2223
北京2224	大雪2224
北京2225	大雪2225
北京2226	大雪2226
北京2227	大雪2227
北京2228	大雪2228
北京2229	大雪2229
北京2230	大雪2230
北京2231	大雪2231
北京2232	大雪2232
北京2233	大雪2233
北京2234	大雪2234
北京2235	大雪2235
北京2236	大雪2236
北京2237	大雪2237
北京2238	大雪2238
北京2239	大雪2239
北京2240	大雪2240
北京2241	大雪2241
北京2242	大雪2242
北京2243	大雪2243
北京2244	大雪2244
北京2245	大雪2245
北京2246	大雪2246
北京2247	大雪2247
北京2248	大雪2248
北京2249	大雪2249
北京2250	大雪2250
北京2251	大雪2251
北京2252	大雪2252
北京2253	大雪2253
北京2254	大雪2254
北京2255	大雪2255
北京2256	大雪2256
北京2257	大雪2257
北京2258	大雪2258
北京2259	大雪2259
北京2260	大雪2260
北京2261	大雪2261
北京2262	大雪2262
北京2263	大雪2263
北京2264	大雪2264
北京2265	大雪2265
北京2266	大雪2266
北京2267	大雪2267
北京2268	大雪2268
北京2269	大雪2269
北京2270	大雪2270
北京2271	大雪2271
北京2272	大雪2272
北京2273	大雪2273
北京2274	大雪2274
北京2275	大雪2275
北京2276	大雪2276
北京2277	大雪2277
北京2278	大雪2278
北京2279	大雪2279
北京2280	大雪2280
北京2281	大雪2281
北京2282	大雪2282
北京2283	大雪2283
北京2284	大雪2284
北京2285	大雪2285
北京2286	大雪2286
北京2287	大雪2287
北京2288	大雪2288
北京2289	大雪2289
北京2290	大雪2290
北京2291	大雪2291
北京2292	大雪2292
北京2293	大雪2293
北京2294	大雪2294
北京2295	大雪2295
北京2296	大雪2296
北京2297	大雪2297
北京2298	大雪2298
北京2299	大雪2299
北京2300	大雪2300
北京2301	大雪2301
北京2302	大雪2302
北京2303	大雪2303
北京2304	大雪2304
北京2305	大雪2305
北京2306	大雪2306
北京2307	大雪2307
北京2308	大雪2308
北京2309	大雪2309
北京2310	大雪2310
北京2311	大雪2311
北京2312	大雪2312
北京2313	大雪2313
北京2314	大雪2314
北京2315	大雪2315
北京2316	大雪2316
北京2317	大雪2317
北京2318	大雪2318
北京2319	大雪2319
北京2320	大雪2320
北京2321	大雪2321
北京2322	大雪2322
北京2323	大雪2323
北京2324	大雪2324
北京2325	大雪2325
北京2326	大雪2326
北京2327	大雪2327
北京2328	大雪2328
北京2329	大雪2329
北京2330	大雪2330
北京2331	大雪2331
北京2332	大雪2332
北京2333	大雪2333
北京2334	大雪2334
北京2335	大雪2335
北京2336	大雪2336
北京2337	大雪2337
北京2338	大雪2338
北京2339	大雪2339
北京2340	大雪2340
北京2341	大雪2341
北京2342	大雪2342
北京2343	大雪2343
北京2344	大雪2344
北京2345	大雪2345
北京2346	大雪2346
北京2347	大雪2347
北京2348	大雪2348
北京2349	大雪2349
北京2350	大雪2350
北京2351	大雪2351
北京2352	大雪2352
北京2353	大雪2353
北京2354	大雪2354
北京2355	大雪2355
北京2356	大雪2356
北京2357	大雪2357
北京2358	大雪2358
北京2359	大雪2359
北京2360	大雪2360
北京2361	大雪2361
北京2362	大雪2362
北京2363	大雪2363
北京2364	大雪2364
北京2365	大雪2365
北京2366	大雪2366
北京2367	大雪2367
北京2368	大雪2368
北京2369	大雪2369
北京2370	大雪2370
北京2371	大雪2371
北京2372	大雪2372
北京2373	大雪2373
北京2374	大雪2374
北京2375	大雪2375
北京2376	大雪2376
北京2377	大雪2377
北京2378	大雪2378
北京2379	大雪2379
北京2380	大雪2380
北京2381	大雪2381
北京2382	大雪2382
北京2383	大雪2383
北京2384	大雪2384
北京2385	大雪2385
北京2386	大雪2386
北京2387	大雪2387
北京2388	大雪2388
北京2389	大雪2389
北京2390	大雪2390
北京2391	大雪2391
北京2392	大雪2392
北京2393	大雪2393
北京2394	大雪2394
北京2395	大雪2395
北京2396	大雪2396
北京2397	大雪2397
北京2398	大雪2398
北京2399	大雪2399
北京2400	大雪2400
北京2401	大雪2401
北京2402	大雪2402
北京2403	大雪2403
北京2404	大雪2404
北京2405	大雪2405
北京2406	大雪2406
北京2407	大雪2407
北京2408	大雪2408
北京2409	大雪2409
北京2410	大雪2410
北京2411	大雪2411
北京2412	大雪2412
北京2413	大雪2413
北京2414	大雪2414
北京2415	大雪2415
北京2416	大雪2416
北京2417	大雪2417
北京2418	大雪2418
北京2419	大雪2419
北京2420	大雪2420
北京2421	大雪2421
北京2422	大雪2422
北京2423	大雪2423
北京2424	大雪2424
北京2425	大雪2425
北京2426	大雪2426
北京2427	大雪2427
北京2428	大雪2428
北京2429	大雪2429
北京2430	大雪2430
北京2431	大雪2431
北京2432	大雪2432
北京2433	大雪2433
北京2434	大雪2434
北京2435	大雪2435
北京2436	大雪2436
北京2437	大雪2437
北京2438	大雪2438
北京2439	大雪2439
北京2440	大雪2440
北京2441	大雪2441
北京2442	大雪2442
北京2443	大雪2443
北京2444	大雪2444
北京2445	大雪2445
北京2446	大雪2446
北京2447	大雪2447
北京2448	大雪2448
北京2449	大雪2449
北京2450	大雪2450
北京2451	大雪2451
北京2452	大雪2452
北京2453	大雪2453
北京2454	大雪2454
北京2455	大雪2455
北京2456	大雪2456
北京2457	大雪2457
北京2458	大雪2458
北京2459	大雪2459
北京2460	大雪2460
北京2461	大雪2461
北京2462	大雪2462
北京2463	大雪2463
北京2464	大雪2464
北京2465	大雪2465
北京2466	大雪2466
北京2467	大雪2467
北京2468	大雪2468
北京2469	大雪2469
北京2470	大雪2470
北京2471	大雪2471
北京2472	大雪2472
北京2473	大雪2473
北京2474	大雪2474
北京2475	大雪2475
北京2476	大雪2476
北京2477	大雪2477
北京2478	大雪2478
北京2479	大雪2479
北京2480	大雪2480
北京2481	大雪2481
北京2482	大雪2482
北京2483	大雪2483
北京2484	大雪2484
北京2485	大雪2485
北京2486	大雪2486
北京2487	大雪2487
北京2488	大雪2488
北京2489	大雪2489
北京2490	大雪2490
北京2491	大雪2491
北京2492	大雪2492
北京2493	大雪2493
北京2494	大雪2494
北京2495	大雪2495
北京2496	大雪2496
北京2497	大雪2497
北京2498	大雪2498
北京2499	大雪2499
北京2500	大雪2500
北京2501	大雪2501
北京2502	大雪2502
北京2503	大雪2503
北京2504	大雪2504
北京2505	大雪2505
北京2506	大雪2506
北京2507	大雪2507
北京2508	大雪2508
北京2509	大雪2509
北京2510	大雪2510
北京2511	大雪2511
北京2512	大雪2512
北京2513	大雪2513
北京2514	大雪2514
北京2515	大雪2515
北京2516	大雪2516
北京2517	大雪2517
北京2518	大雪2518
北京2519	大雪2519
北京2520	大雪2520
北京2521	大雪2521
北京2522	大雪2522
北京2523	大雪2523
北京2524	大雪2524
北京2525	大雪2525
北京2526	大雪2526
北京2527	大雪2527
北京2528	大雪2528
北京2529	大雪2529
北京2530	大雪2530
北京2531	大雪2531
北京2532	大雪2532
北京2533	大雪2533
北京2534	大雪2534
北京2535	大雪2535
北京2536	大雪2536
北京2537	大雪2537
北京2538	大雪2538
北京2539	大雪2539
北京2540	大雪2540
北京2541	大雪2541
北京2542	大雪2542
北京2543	大雪2543
北京2544	大雪2544
北京2545	大雪2545
北京2546	大雪2546
北京2547	大雪2547
北京2548	大雪2548
北京2549	大雪2549
北京2550	大雪2550
北京2551	大雪2551
北京2552	大雪2552
北京2553	大雪2553
北京2554	大雪2554
北京2555	大雪2555
北京2556	大雪2556
北京2557	大雪2557
北京2558	大雪2558
北京2559	大雪2559
北京2560	大雪2560
北京2561	大雪2561
北京2562	大雪2562
北京2563	大雪2563
北京2564	大雪2564
北京2565	大雪2565
北京2566	大雪2566
北京2567	大雪2567
北京2568	大雪2568
北京2569	大雪2569
北京2570	大雪2570
北京2571	大雪2571
北京2572	大雪2572
北京2573	大雪2573
北京2574	大雪2574
北京2575	大雪2575
北京2576	大雪2576
北京2577	大雪2577
北京2578	大雪2578
北京2579	大雪2579
北京2580	大雪2580
北京2581	大雪2581
北京2582	大雪2582
北京2583	大雪2583
北京2584	大雪2584
北京2585	大雪2585
北京2586	大雪2586
北京2587	大雪2587
北京2588	大雪2588
北京2589	大雪2589
北京2590	大雪2590
北京2591	大雪2591
北京2592	大雪2592
北京2593	大雪2593
北京2594	大雪2594
北京2595	大雪2595
北京2596	大雪2596
北京2597	大雪2597
北京2598	大雪2598
北京2599	大雪2599
北京2600	大雪2600
北京2601	大雪2601
北京2602	大雪2602
北京2603	大雪2603
北京2604	大雪2604
北京2605	大雪2605
北京2606	大雪2606
北京2607	大雪2607
北京2608	大雪2608
北京2609	大雪2609
北京2610	大雪2610
北京2611	大雪2611
北京2612	大雪2612
北京2613	大雪2613
北京2614	大雪2614
北京2615	大雪2615
北京2616	大雪2616
北京2617	大雪2617
北京2618	大雪2618
北京2619	大雪2619
北京2620	大雪2620
北京2621	大雪2621
北京2622	大雪2622
北京2623	大雪2623
北京2624	大雪2624
北京2625	大雪2625
北京2626	大雪2626
北京2627	大雪2627
北京2628	大雪2628
北京2629	大雪2629
北京2630	大雪2630
北京2631	大雪2631
北京2632	大雪2632
北京2633	大雪2633
北京2634	大雪2634
北京2635	大雪2635
北京2636	大雪2636
北京2637	大雪2637
北京2638	大雪2638
北京2639	大雪2639
北京2640	大雪2640
北京2641	大雪2641
北京2642	大雪2642
北京2643	大雪2643
北京2644	大雪2644
北京2645	大雪2645
北京2646	大雪2646
北京2647	大雪2647
北京2648	大雪2648
北京2649	大雪2649
北京2650	大雪2650
北京2651	大雪2651
北京2652	大雪2652
北京2653	大雪2653
北京2654	大雪2654
北京2655	大雪2655
北京2656	大雪2656
北京2657	大雪2657
北京2658	大雪2658
北京2659	大雪2659
北京2660	大雪2660
北京2661	大雪2661
北京2662	大雪2662
北京2663	大雪2663
北京2664	大雪2664
北京2665	大雪2665
北京2666	大雪2666
北京2667	大雪2667
北京2668	大雪2668
北京2669	大雪2669
北京2670	大雪2670
北京2671	大雪2671
北京2672	大雪2672
北京2673	大雪2673
北京2674	大雪2674
北京2675	大雪2675
北京2676	大雪2676
北京2677	大雪2677
北京2678	大雪2678
北京2679	大雪2679
北京2680	大雪2680
北京2681	大雪2681
北京2682	大雪2682
北京2683	大雪2683
北京2684	大雪2684
北京2685	大雪2685
北京2686	大雪2686
北京2687	大雪2687
北京2688	大雪2688
北京2689	大雪2689
北京2690	大雪2690
北京2691	大雪2691
北京2692	大雪2692
北京2693	大雪2693
北京2694	大雪2694
北京2695	大雪2695
北京2696	大雪2696
北京2697	大雪2697
北京2698	大雪2698
北京2699	大雪2699
北京2700	大雪2700
北京2701	大雪2701
北京2702	大雪2702
北京2703	大雪2703
北京2704	大雪2704
北京2705	大雪2705
北京2706	大雪2706
北京2707	大雪2707
北京2708	大雪2708
北京2709	大雪2709
北京2710	大雪2710
北京2711	大雪2711
北京2712	大雪2712
北京2713	大雪2713
北京2714	大雪2714
北京2715	大雪2715
北京2716	大雪2716
北京2717	大雪2717
北京2718	大雪2718
北京2719	大雪2719
北京2720	大雪2720
北京2721	大雪2721
北京2722	大雪2722
北京2723	大雪2723
北京2724	大雪2724
北京2725	大雪2725
北京2726	大雪2726
北京2727	大雪2727
北京2728	大雪2728
北京2729	大雪2729
北京2730	大雪2730
北京2731	大雪2731
北京2732	大雪2732
北京2733	大雪2733
北京2734	大雪2734
北京2735	大雪2735
北京2736	大雪2736
北京2737	大雪2737
北京2738	大雪2738
北京2739	大雪2739
北京2740	大雪2740
北京2741	大雪2741
北京2742	大雪2742
北京2743	大雪2743
北京2744	大雪2744
北京2745	大雪2745
北京2746	大雪2746
北京2747	大雪2747
北京2748	大雪2748
北京2749	大雪2749
北京2750	大雪2750
北京2751	大雪2751
北京2752	大雪2752
北京2753	大雪2753
北京2754	大雪2754
北京2755	大雪2755
北京2756	大雪2756
北京2757	大雪2757
北京2758	大雪2758
北京2759	大雪2759
北京2760	大雪2760
北京2761	大雪2761
北京2762	大雪2762
北京2763	大雪2763
北京2764	大雪2764
北京2765	大雪2765
北京2766	大雪2766
北京2767	大雪2767
北京2768	大雪2768
北京2769	大雪2769
北京2770	大雪2770
北京2771	大雪2771
北京2772	大雪2772
北京2773	大雪2773
北京2774	大雪2774
北京2775	大雪2775
北京2776	大雪2776
北京2777	大雪2777
北京2778	大雪2778
北京2779	大雪2779
北京2780	大雪2780
北京2781	大雪2781
北京2782	大雪2782
北京2783	大雪2783
北京2784	大雪2784
北京2785	大雪2785
北京2786	大雪2786
北京2787	大雪2787
北京2788	大雪2788
北京2789	大雪2789
北京2790	大雪2790
北京2791	大雪2791
北京2792	大雪2792
北京2793	大雪2793
北京2794	大雪2794
北京2795	大雪2795
北京2796	大雪2796
北京2797	大雪2797
北京2798	大雪2798
北京2799	大雪2799
北京2800	大雪2800
北京2801	大雪2801
北京2802	大雪2802
北京2803	大雪2803
北京2804	大雪2804
北京2805	大雪2805
北京2806	大雪2806
北京2807	大雪2807
北京2808	大雪2808
北京2809	大雪2809
北京2810	大雪2810
北京2811	大雪2811
北京2812	大雪2812
北京2813	大雪2813
北京2814	大雪2814
北京2815	大雪2815
北京2816	大雪2816
北京2817	大雪2817
北京2818	大雪2818
北京2819	大雪2819
北京2820	大雪2820
北京2821	大雪2821
北京2822	大雪2822
北京2823	大雪2823
北京2824	大雪2824
北京2825	大雪2825
北京2826	大雪2826
北京2827	大雪2827
北京2828	大雪2828
北京2829	大雪2829
北京2830	大雪2830
北京2831	大雪2831
北京2832	大雪2832
北京2833	大雪2833
北京2834	大雪2834
北京2835	大雪2835
北京2836	大雪2836
北京2837	大雪2837
北京2838	大雪2838
北京2839	大雪2839
北京2840	大雪2840
北京2841	大雪2841
北京2842	大雪2842
北京2843	大雪2843
北京2844	大雪2844
北京2845	大雪2845
北京2846	大雪2846
北京2847	大雪2847
北京2848	大雪2848
北京2849	大雪2849
北京2850	大雪2850
北京2851	大雪2851
北京2852	大雪2852
北京2853	大雪2853
北京2854	大雪2854
北京2855	大雪2855
北京2856	大雪2856
北京2857	大雪2857
北京2858	大雪2858
北京2859	大雪2859
北京2860	大雪2860
北京2861	大雪2861
北京2862	大雪2862
北京2863	大雪2863
北京2864	大雪2864
北京2865	大雪2865
北京2866	大雪2866
北京2867	大雪2867
北京2868	大雪2868
北京2869	大雪2869
北京2870	大雪2870
北京2871	大雪2871
北京2872	大雪2872
北京2873	大雪2873
北京2874	大雪2874
北京2875	大雪2875
北京2876	大雪2876
北京2877	大雪2877
北京2878	大雪2878
北京2879	大雪2879
北京2880	大雪2880
北京2881	大雪2881
北京2882	大雪2882
北京2883	大雪2883
北京2884	大雪2884
北京2885	大雪2885
北京2886	大雪2886
北京2887	大雪2887
北京2888	大雪2888
北京2889	大雪2889
北京2890	大雪2890
北京2891	大雪2891
北京2892	大雪2892
北京2893	大雪2893
北京2894	大雪2894
北京2895	大雪2895
北京2896	大雪2896
北京2897	大雪2897
北京2898	大雪2898
北京2899	大雪2899
北京2900	大雪2900
北京2901	大雪2901
北京2902	大雪2902
北京2903	大雪2903
北京2904	大雪2904
北京2905	大雪2905
北京2906	大雪2906
北京2907	大雪2907
北京2908	大雪2908
北京2909	大雪2909
北京2910	大雪2910
北京2911	大雪2911
北京2912	大雪2912
北京2913	大雪2913
北京2914	大雪2914
北京2915	大雪2915
北京2916	大雪2916
北京2917	大雪2917
北京2918	大雪2918
北京2919	大雪2919
北京2920	大雪2920
北京2921	大雪2921
北京2922	大雪2922
北京2923	大雪2923
北京2924	大雪2924
北京2925	大雪2925
北京2926	大雪2926
北京2927	大雪2927
北京2928	大雪2928
北京2929	大雪2929
北京2930	大雪2930
北京2931	大雪2931
北京2932	大雪2932
北京2933	大雪2933
北京2934	大雪2934
北京2935	大雪2935
北京2936	大雪2936
北京2937	大雪2937
北京2938	大雪2938
北京2939	大雪2939
北京2940	大雪2940
北京2941	大雪2941
北京2942	大雪2942
北京2943	大雪2943
北京2944	大雪2944
北京2945	大雪2945
北京2946	大雪2946
北京2947	大雪2947
北京2948	大雪2948
北京2949	大雪2949
北京2950	大雪2950
北京2951	大雪2951
北京2952	大雪2952
北京2953	大雪2953
北京2954	大雪2954
北京2955	大雪2955
北京2956	大雪2956
北京2957	大雪2957
北京2958	大雪2958
北京2959	大雪2959
北京2960	大雪2960
北京2961	大雪2961
北京2962	大雪2962
北京2963	大雪2963
北京2964	大雪2964
北京2965	大雪2965
北京2966	大雪2966
北京2967	大雪2967
北京2968	大雪2968
北京2969	大雪2969
北京2970	大雪2970
北京2971	大雪2971
北京2972	大雪2972
北京2973	大雪2973
北京2974	大雪2974
北京2975	大雪2975
北京2976	大雪2976
北京2977	大雪2977
北京2978	大雪2978
北京2979	大雪2979
北京2980	大雪2980
北京2981	大雪2981
北京2982	大雪2982
北京2983	大雪2983
北京2984	大雪2984
北京2985	大雪2985
北京2986	大雪2986
北京2987	大雪2987
北京2988	大雪2988
北京2989	大雪2989
北京2990	大雪2990
北京2991	大雪2991
北京2992	大雪2992
北京2993	大雪2993
北京2994	大雪2994
北京2995	大雪2995
北京2996	大雪2996
北京2997	大雪2997
北京2998	大雪2998
北京2999	大雪2999
北京3000	大雪3000
北京3001	大雪3001
北京3002	大雪3002
北京3003	大雪3003
北京3004	大雪3004
北京3005	大雪3005
北京3006	大雪3006
北京3007	大雪3007
北京3008	大雪3008
北京3009	大雪3009
北京3010	大雪3010
北京3011	大雪3011
北京3012	大雪3012
北京3013	大雪3013
北京3014	大雪3014
北京3015	大雪3015
北京3016	大雪3016
北京3017	大雪3017
北京3018	大雪3018
北京3019	大雪3019
北京3020	大雪3020
北京3021	大雪3021
北京3022	大雪3022
北京3023	大雪3023
北京3024	大雪3024
北京3025	大雪3025
北京3026	大雪3026
北京3027	大雪3027
北京3028	大雪3028
北京3029	大雪3029
北京3030	大雪3030
北京3031	大雪3031
北京3032	大雪3032
北京3033	大雪3033
北京3034	大雪3034
北京3035	大雪3035
北京3036	大雪3036
北京3037	大雪3037
北京3038	大雪3038
北京3039	大雪3039
北京3040	大雪3040
北京3041	大雪3041
北京3042	大雪3042
北京3043	大雪3043
北京3044	大雪3044
北京3045	大雪3045
北京3046	大雪3046
北京3047	大雪3047
北京3048	大雪3048
北京3049	大雪3049
北京3050	大雪3050
北京3051	大雪3051
北京3052	大雪3052
北京3053	大雪3053
北京3054	大雪3054
北京3055	大雪3055
北京3056	大雪3056
北京3057	大雪3057
北京3058	大雪3058
北京3059	大雪3059
北京3060	大雪3060
北京3061	大雪3061
北京3062	大雪3062
北京3063	大雪3063
北京3064	大雪3064
北京3065	大雪3065
北京3066	大雪3066
北京3067	大雪3067
北京3068	大雪3068
北京3069	大雪3069
北京3070	大雪3070
北京3071	大雪3071
北京3072	大雪3072
北京3073	大雪3073
北京3074	大雪3074
北京3075	大雪3075
北京3076	大雪3076
北京3077	大雪3077
北京3078	大雪3078
北京3079	大雪3079
北京3080	大雪3080
北京3081	大雪3081
北京3082	大雪3082
北京3083	大雪3083
北京3084	大雪3084
北京3085	大雪3085
北京3086	大雪3086
北京3087	大雪3087
北京3088	大雪3088
北京3089	大雪3089
北京3090	大雪3090
北京3091	大雪3091
北京3092	大雪3092
北京3093	大雪3093
北京3094	大雪3094
北京3095	大雪3095
北京3096	大雪3096
北京3097	大雪3097
北京3098	大雪3098
北京3099	大雪3099
北京3100	大雪3100
北京3101	大雪3101
北京3102	大雪3102
北京3103	大雪3103
北京3104	大雪3104
北京3105	大雪3105
北京3106	大雪3106
北京3107	大雪3107
北京3108	大雪3108
北京3109	大雪3109
北京3110	大雪3110
北京3111	大雪3111
北京3112	大雪3112
北京3113	大雪3113
北京3114	大雪3114
北京3115	大雪3115
北京3116	大雪3116
北京3117	大雪3117
北京3118	大雪3118
北京3119	大雪3119
北京3120	大雪3120
北京3121	大雪3121
北京3122	大雪3122
北京3123	大雪3123
北京3124	大雪3124
北京3125	大雪3125
北京3126	大雪3126
北京3127	大雪3127
北京3128	大雪3128
北京3129	大雪3129
北京3130	大雪3130
北京3131	大雪3131
北京3132	大雪3132
北京3133	大雪3133
北京3134	大雪3134
北京3135	大雪3135
北京3136	大雪3136
北京3137	大雪3137
北京3138	大雪3138
北京3139	大雪3139
北京3140	大雪3140
北京3141	大雪3141
北京3142	大雪3142
北京3143	大雪3143
北京3144	大雪3144
北京3145	大雪3145
北京3146	大雪3146
北京3147	大雪3147
北京3148	大雪3148
北京3149	大雪3149
北京3150	大雪3150
北京3151	大雪3151
北京3152	大雪3152
北京3153	大雪3153
北京3154	大雪3154
北京3155	大雪3155
北京3156	大雪3156
北京3157	大雪3157
北京3158	大雪3158
北京3159	大雪3159
北京3160	大雪3160
北京3161	大雪3161
北京3162	大雪3162
北京3163	大雪3163
北京3164	大雪3164
北京3165	大雪3165
北京3166	大雪3166
北京3167	大雪3167
北京3168	大雪3168
北京3169	大雪3169
北京3170	大雪3170
北京3171	大雪3171
北京3172	大雪3172
北京3173	大雪3173
北京3174	大雪3174
北京3175	大雪3175
北京3176	大雪3176
北京3177	大雪3177
北京3178	大雪3178
北京3179	大雪3179
北京3180	大雪3180
北京3181	大雪3181
北京3182	大雪3182
北京3183	大雪3183
北京3184	大雪3184
北京3185	大雪3185
北京3186	大雪3186
北京3187	大雪3187
北京3188	大雪3188
北京3189	大雪3189
北京3190	大雪3190
北京3191	大雪3191
北京3192	大雪3192
北京3193	大雪3193
北京3194	大雪3194
北京3195	大雪3195
北京3196	大雪3196
北京3197	大雪3197
北京3198	大雪3198
北京3199	大雪3199
北京3200	大雪3200
北京3201	大雪3201
北京3202	大雪3202
北京3203	大雪3203
北京3204	大雪3204
北京3205	大雪3205
北京3206	大雪3206
北京3207	大雪3207
北京3208	大雪3208
北京3209	大雪3209
北京3210	大雪3210
北京3211	大雪3211
北京3212	大雪3212
北京3213	大雪3213
北京3214	大雪3214
北京3215	大雪3215
北京3216	大雪3216
北京3217	大雪3217
北京3218	大雪3218
北京3219	大雪3219
北京3220	大雪3220
北京3221	大雪3221
北京3222	大雪3222
北京3223	大雪3223
北京3224	大雪3224
北京3225	大雪3225
北京3226	大雪3226
北京3227	大雪3227
北京3228	大雪3228
北京3229	大雪3229
北京3230	大雪3230
北京3231	大雪3231
北京3232	大雪3232
北京3233	大雪3233
北京3234	大雪3234
北京3235	大雪3235
北京3236	大雪3236
北京3237	大雪3237
北京3238	大雪3238
北京3239	大雪3239
北京3240	大雪3240
北京3241	大雪3241
北京3242	大雪3242
北京3243	大雪3243
北京3244	大雪3244
北京3245	大雪3245
北京3246	大雪3246
北京3247	大雪3247
北京3248	大雪3248
北京3249	大雪3249
北京3250	大雪3250
北京3251	大雪3251
北京3252	大雪3252
北京3253	大雪3253
北京3254	大雪3254
北京3255	大雪3255
北京3256	大雪3256
北京3257	大雪3257
北京3258	大雪3258
北京3259	大雪3259
北京3260	大雪3260
北京3261	大雪3261
北京3262	大雪3262
北京3263	大雪3263
北京3264	大雪3264
北京3265	大雪3265
北京3266	大雪3266
北京3267	大雪3267
北京3268	大雪3268
北京3269	大雪3269
北京3270	大雪3270
北京3271	大雪3271
北京3272	大雪3272
北京3273	大雪3273
北京3274	大雪3274
北京3275	大雪3275
北京3276	大雪3276
北京3277	大雪3277
北京3278	大雪3278
北京3279	大雪3279
北京3280	大雪3280
北京3281	大雪3281
北京3282	大雪3282
北京3283	大雪3283
北京3284	大雪3284
北京3285	大雪3285
北京3286	大雪3286
北京3287	大雪3287
北京3288	大雪3288
北京3289	大雪3289
北京3290	大雪3290
北京3291	大雪3291
北京3292	大雪3292
北京3293	大雪3293
北京3294	大雪3294
北京3295	大雪3295
北京3296	大雪3296
北京3297	大雪3297
北京3298	大雪3298
北京3299	大雪3299
北京3300	大雪3300
北京3301	大雪3301
北京3302	大雪3302
北京3303	大雪3303
北京3304	大雪3304
北京3305	大雪3305
北京3306	大雪3306
北京3307	大雪3307
北京3308	大雪3308
北京3309	大雪3309
北京3310	大雪3310
北京3311	大雪3311
北京3312	大雪3312
北京3313	大雪3313
北京3314	大雪3314
北京3315	大雪3315
北京3316	大雪3316
北京3317	大雪3317
北京3318	大雪3318
北京3319	大雪3319
北京3320	大雪3320
北京3321	大雪3321
北京3322	大雪3322
北京3323	大雪3323
北京3324	大雪3324
北京3325	大雪3325
北京3326	大雪3326
北京3327	大雪3327
北京3328	大雪3328
北京3329	大雪3329
北京3330	大雪3330
北京3331	大雪3331
北京3332	大雪3332
北京3333	大雪3333
北京3334	大雪3334
北京3335	大雪3335
北京3336	大雪3336
北京3337	大雪3337
北京3338	大雪3338
北京3339	大雪3339
北京3340	大雪3340
北京3341	大雪3341
北京3342	大雪3342
北京3343	大雪3343
北京3344	大雪3344
北京3345	大雪3345
北京3346	大雪3346
北京3347	大雪3347
北京3348	大雪3348
北京3349	大雪3349
北京3350	大雪3350
北京3351	大雪3351
北京3352	大雪3352
北京3353	大雪3353
北京3354	大雪3354
北京3355	大雪3355
北京3356	大雪3356
北京3357	大雪3357
北京3358	大雪3358
北京3359	大雪3359
北京3360	大雪3360
北京3361	大雪3361
北京3362	大雪3362
北京3363	大雪3363
北京3364	大雪3364
北京3365	大雪3365
北京3366	大雪3366
北京3367	大雪3367
北京3368	大雪3368
北京3369	大雪3369
北京3370	大雪3370
北京3371	大雪3371
北京3372	大雪3372
北京3373	大雪3373
北京3374	大雪3374
北京3375	大雪3375
北京3376	大雪3376
北京3377	大雪3377
北京3378	大雪3378
北京3379	大雪3379
北京3380	大雪3380
北京3381	大雪3381
北京3382	大雪3382
北京3383	大雪3383
北京3384	大雪3384
北京3385	大雪3385
北京3386	大雪3386
北京3387	大雪3387
北京3388	大雪3388
北京3389	大雪3389
北京3390	大雪3390
北京3391	大雪3391
北京3392	大雪3392
北京3393	大雪3393
北京3394	大雪3394
北京3395	大雪3395
北京3396	大雪3396
北京3397	大雪3397
北京3398	大雪3398
北京3399	大雪3399
北京3400	大雪3400
北京3401	大雪3401
北京3402	大雪3402
北京3403	大雪3403
北京3404	大雪3404
北京3405	大雪3405
北京3406	大雪3406
北京3407	大雪3407
北京3408	大雪3408
北京3409	大雪3409
北京3410	大雪3410
北京3411	大雪3411
北京3412	大雪3412
北京3413	大雪3413
北京3414	大雪3414
北京3415	大雪3415
北京3416	大雪3416
北京3417	大雪3417
北京3418	大雪3418
北京3419	大雪3419
北京3420	大雪3420
北京3421	大雪3421
北京3422	大雪3422
北京3423	大雪3423
北京3424	大雪3424
北京3425	大雪3425
北京3426	大雪3426
北京3427	大雪3427
北京3428	大雪3428
北京3429	大雪3429
北京3430	大雪3430
北京3431	大雪3431
北京3432	大雪3432
北京3433	大雪3433
北京3434	大雪3434
北京3435	大雪3435
北京3436	大雪3436
北京3437	大雪3437
北京3438	大雪3438
北京3439	大雪3439
北京3440	大雪3440
北京3441	大雪3441
北京3442	大雪3442
北京3443	大雪3443
北京3444	大雪3444
北京3445	大雪3445
北京3446	大雪3446
北京3447	大雪3447
北京3448	大雪3448
北京3449	大雪3449
北京3450	大雪3450
北京3451	大雪3451
北京3452	大雪3452
北京3453	大雪3453
北京3454	大雪3454
北京3455	大雪3455
北京3456	大雪3456
北京3457	大雪3457
北京3458	大雪3458
北京3459	大雪3459
北京3460	大雪3460
北京3461	大雪3461
北京3462	大雪3462
北京3463	大雪3463
北京3464	大雪3464
北京3465	大雪3465
北京3466	大雪3466
北京3467	大雪3467
北京3468	大雪3468
北京3469	大雪3469
北京3470	大雪3470
北京3471	大雪3471
北京3472	大雪3472
北京3473	大雪3473
北京3474	大雪3474
北京3475	大雪3475
北京3476	大雪3476
北京3477	大雪3477
北京3478	大雪3478
北京3479	大雪3479
北京3480	大雪3480
北京3481	大雪3481
北京3482	大雪3482
北京3483	大雪3483
北京3484	大雪3484
北京3485	大雪3485
北京3486	大雪3486
北京3487	大雪3487
北京3488	大雪3488
北京3489	大雪3489
北京3490	大雪3490
北京3491	大雪3491
北京3492	大雪3492
北京3493	大雪3493
北京3494	大雪3494
北京3495	大雪3495
北京3496	大雪3496
北京3497	大雪3497
北京3498	大雪3498
北京3499	大雪3499
北京3500	大雪3500
北京3501	大雪3501
北京3502	大雪3502
北京3503	大雪3503
北京3504	大雪3504
北京3505	大雪3505
北京3506	大雪3506
北京3507	大雪3507
北京3508	大雪3508
北京3509	大雪3509
北京3510	大雪3510
北京3511	大雪3511
北京3512	大雪3512
北京3513	大雪3513
北京3514	大雪3514
北京3515	大雪3515
北京3516	大雪3516
北京3517	大雪3517
北京3518	大雪3518
北京3519	大雪3519
北京3520	大雪3520
北京3521	大雪3521
北京3522	大雪3522
北京3523	大雪3523
北京3524	大雪3524
北京3525	大雪3525
北京3526	大雪3526
北京3527	大雪3527
北京3528	大雪3528
北京3529	大雪3529
北京3530	大雪3530
北京3531	大雪3531
北京3532	大雪3532
北京3533	大雪3533
北京3534	大雪3534
北京3535	大雪3535
北京3536	大雪3536
北京3537	大雪3537
北京3538	大雪3538
北京3539	大雪3539
北京3540	大雪3540
北京3541	大雪3541
北京3542	大雪3542
北京3543	大雪3543
北京3544	大雪3544
北京3545	大雪3545
北京3546	大雪3546
北京3547	大雪3547
北京3548	大雪3548
北京3549	大雪3549
北京3550	大雪3550
北京3551	大雪3551
北京3552	大雪3552
北京3553	大雪3553
北京3554	大雪3554
北京3555	大雪3555
北京3556	大雪3556
北京3557	大雪3557
北京3558	大雪3558
北京3559	大雪3559
北京3560	大雪3560
北京3561	大雪3561
北京3562	大雪3562
北京3563	大雪3563
北京3564	大雪3564
北京3565	大雪3565
北京3566	大雪3566
北京3567	大雪3567
北京3568	大雪3568
北京3569	大雪3569
北京3570	大雪3570
北京3571	大雪3571
北京3572	大雪3572
北京3573	大雪3573
北京3574	大雪3574
北京3575	大雪3575
北京3576	大雪3576
北京3577	大雪3577
北京3578	大雪3578
北京3579	大雪3579
北京3580	大雪3580
北京3581	大雪3581
北京3582	大雪3582
北京3583	大雪3583
北京3584	大雪3584
北京3585	大雪3585
北京3586	大雪3586
北京3587	大雪3587
北京3588	大雪3588
北京3589	大雪3589
北京3590	大雪3590
北京3591	大雪3591
北京3592	大雪3592
北京3593	大雪3593
北京3594	大雪3594
北京3595	大雪3595
北京3596	大雪3596
北京3597	大雪3597
北京3598	大雪3598
北京3599	大雪3599
北京3600	大雪3600
北京3601	大雪3601
北京3602	大雪3602
北京3603	大雪3603
北京3604	大雪3604
北京3605	大雪3605
北京3606	大雪3606
北京3607	大雪3607
北京3608	大雪3608
北京3609	大雪3609
北京3610	大雪3610
北京3611	大雪3611
北京3612	大雪3612
北京3613	大雪3613
北京3614	大雪3614
北京3615	大雪3615
北京3616	大雪3616
北京3617	大雪3617
北京3618	大雪3618
北京3619	大雪3619
北京3620	大雪3620
北京3621	大雪3621
北京3622	大雪3622
北京3623	大雪3623
北京3624	大雪3624
北京3625	大雪3625
北京3626	大雪3626
北京3627	大雪3627
北京3628	大雪3628
北京3629	大雪3629
北京3630	大雪3630
北京3631	大雪3631
北京3632	大雪3632
北京3633	大雪3633
北京3634	大雪3634
北京3635	大雪3635
北京3636	大雪3636
北京3637	大雪3637
北京3638	大雪3638
北京3639	大雪3639
北京3640	大雪3640
北京3641	大雪3641
北京3642	大雪3642
北京3643	大雪3643
北京3644	大雪3644
北京3645	大雪3645
北京3646	大雪3646
北京3647	大雪3647
北京3648	大雪3648
北京3649	大雪3649
北京3650	大雪3650
北京3651	大雪3651
北京3652	大雪3652
北京3653	大雪3653
北京3654	大雪3654
北京3655	大雪3655
北京3656	大雪3656
北京3657	大雪3657
北京3658	大雪3658
北京3659	大雪3659
北京3660	大雪3660
北京3661	大雪3661
北京3662	大雪3662
北京3663	大雪3663
北京3664	大雪3664
北京3665	大雪3665
北京3666	大雪3666
北京3667	大雪3667
北京3668	大雪3668
北京3669	大雪3669
北京3670	大雪3670
北京3671	大雪3671
北京3672	大雪3672
北京3673	大雪3673
北京3674	大雪3674
北京3675	大雪3675
北京3676	大雪3676
北京3677	大雪3677
北京3678	大雪3678
北京3679	大雪3679
北京3680	大雪3680
北京3681	大雪3681
北京3682	大雪3682
北京3683	大雪3683
北京3684	大雪3684
北京3685	大雪3685
北京3686	大雪3686
北京3687	大雪3687
北京3688	大雪3688
北京3689	大雪3689
北京3690	大雪3690
北京3691	大雪3691
北京3692	大雪3692
北京3693	大雪3693
北京3694	大雪3694
北京3695	大雪3695
北京3696	大雪3696
北京3697	大雪3697
北京3698	大雪3698
北京3699	大雪3699
北京3700	大雪3700
北京3701	大雪3701
北京3702	大雪3702
北京3703	大雪3703
北京3704	大雪3704
北京3705	大雪3705
北京3706	大雪3706
北京3707	大雪3707
北京3708	大雪3708
北京3709	大雪3709
北京3710	大雪3710
北京3711	大雪3711
北京3712	大雪3712
北京3713	大雪3713
北京3714	大雪3714
北京3715	大雪3715
北京3716	大雪3716
北京3717	大雪3717
北京3718	大雪3718
北京3719	大雪3719
北京3720	大雪3720
北京3721	大雪3721
北京3722	大雪3722
北京3723	大雪3723
北京3724	大雪3724
北京3725	大雪3725
北京3726	大雪3726
北京3727	大雪3727
北京3728	大雪3728
北京3729	大雪3729
北京3730	大雪3730
北京3731	大雪3731
北京3732	大雪3732
北京3733	大雪3733
北京3734	大雪3734
北京3735	大雪3735
北京3736	大雪3736
北京3737	大雪3737
北京3738	大雪3738
北京3739	大雪3739
北京3740	大雪3740
北京3741	大雪3741
北京3742	大雪3742
北京3743	大雪3743
北京3744	大雪3744
北京3745	大雪3745
北京3746	大雪3746
北京3747	大雪3747
北京3748	大雪3748
北京3749	大雪3749
北京3750	大雪3750
北京3751	大雪3751
北京3752	大雪3752
北京3753	大雪3753
北京3754	大雪3754
北京3755	大雪3755
北京3756	大雪3756
北京3757	大雪3757
北京3758	大雪3758
北京3759	大雪3759
北京3760	大雪3760
北京3761	大雪3761
北京3762	大雪3762
北京3763	大雪3763
北京3764	大雪3764
北京3765	大雪3765
北京3766	大雪3766
北京3767	大雪3767
北京3768	大雪3768
北京3769	大雪3769
北京3770	大雪3770
北京3771	大雪3771
北京3772	大雪3772
北京3773	大雪3773
北京3774	大雪3774
北京3775	大雪3775
北京3776	大雪3776
北京3777	大雪3777
北京3778	大雪3778
北京3779	大雪3779
北京3780	大雪3780
北京3781	大雪3781
北京3782	大雪3782
北京3783	大雪3783
北京3784	大雪3784
北京3785	大雪3785
北京3786	大雪3786
北京3787	大雪3787
北京3788	大雪3788
北京3789	大雪3789
北京3790	大雪3790
北京3791	大雪3791
北京3792	大雪3792
北京3793	大雪3793
北京3794	大雪3794
北京3795	大雪3795
北京3796	大雪3796
北京3797	大雪3797
北京3798	大雪3798
北京3799	大雪3799
北京3800	大雪3800
北京3801	大雪3801
北京3802	大雪3802
北京3803	大雪3803
北京3804	大雪3804
北京3805	大雪3805
北京3806	大雪3806
北京3807	大雪3807
北京3808	大雪3808
北京3809	大雪3809
北京3810	大雪3810
北京3811	大雪3811
北京3812	大雪3812
北京3813	大雪3813
北京3814	大雪3814
北京3815	大雪3815
北京3816	大雪3816
北京3817	大雪3817
北京3818	大雪3818
北京3819	大雪3819
北京3820	大雪3820
北京3821	大雪3821
北京3822	大雪3822
北京3823	大雪3823
北京3824	大雪3824
北京3825	大雪3825
北京3826	大雪3826
北京3827	大雪3827
北京3828	大雪3828
北京3829	大雪3829
北京3830	大雪3830
北京3831	大雪3831
北京3832	大雪3832
北京3833	大雪3833
北京3834	大雪3834
北京3835	大雪3835
北京3836	大雪3836
北京3837	大雪3837
北京3838	大雪3838
北京3839	大雪3839
北京3840	大雪3840
北京3841	大雪3841
北京3842	大雪3842
北京3843	大雪3843
北京3844	大雪3844
北京3845	大雪3845
北京3846	大雪3846
北京3847	大雪3847
北京3848	大雪3848
北京3849	大雪3849
北京3850	大雪3850
北京3851	大雪3851
北京3852	大雪3852
北京3853	大雪3853
北京3854	大雪3854
北京3855	大雪3855
北京3856	大雪3856
北京3857	大雪3857
北京3858	大雪3858
北京3859	大雪3859
北京3860	大雪3860
北京3861	大雪3861
北京3862	大雪3862
北京3863	大雪3863
北京3864	大雪3864
北京3865	大雪3865
北京3866	大雪3866
北京3867	大雪3867
北京3868	大雪3868
北京3869	大雪3869
北京3870	大雪3870
北京3871	大雪3871
北京3872	大雪3872
北京3873	大雪3873
北京3874	大雪3874
北京3875	大雪3875
北京3876	大雪3876
北京3877	大雪3877
北京3878	大雪3878
北京3879	大雪3879
北京3880	大雪3880
北京3881	大雪3881
北京3882	大雪3882
北京3883	大雪3883
北京3884	大雪3884
北京3885	大雪3885
北京3886	大雪3886
北京3887	大雪3887
北京3888	大雪3888
北京3889	大雪3889
北京3890	大雪3890
北京3891	大雪3891
北京3892	大雪3892
北京3893	大雪3893
北京3894	大雪3894
北京3895	大雪3895
北京3896	大雪3896
北京3897	大雪3897
北京3898	大雪3898
北京3899	大雪3899
北京3900	大雪3900
北京3901	大雪3901
北京3902	大雪3902
北京3903	大雪3903
北京3904	大雪3904
北京3905	大雪3905
北京3906	大雪3906
北京3907	大雪3907
北京3908	大雪3908
北京3909	大雪3909
北京3910	大雪3910
北京3911	大雪3911
北京3912	大雪3912
北京3913	大雪3913
北京3914	大雪3914
北京3915	大雪3915
北京3916	大雪3916
北京3917	大雪3917
北京3918	大雪3918
北京3919	大雪3919
北京3920	大雪3920
北京3921	大雪3921
北京3922	大雪3922
北京3923	大雪3923
北京3924	大雪3924
北京3925	大雪3925
北京3926	大雪3926
北京3927	大雪3927
北京3928	大雪3928
北京3929	大雪3929
北京3930	大雪3930
北京3931	大雪3931
北京3932	大雪3932
北京3933	大雪3933
北京3934	大雪3934
北京3935	大雪3935
北京3936	大雪3936
北京3937	大雪3937
北京3938	大雪3938
北京3939	大雪3939
北京3940	大雪3940
北京3941	大雪3941
北京3942	大雪3942
北京3943	大雪3943
北京3944	大雪3944
北京3945	大雪3945
北京3946	大雪3946
北京3947	大雪3947
北京3948	大雪3948
北京3949	大雪3949
北京3950	大雪3950
北京3951	大雪3951
北京3952	大雪3952
北京3953	大雪3953
北京3954	大雪3954
北京3955	大雪3955
北京3956	大雪3956
北京3957	大雪3957
北京3958	大雪3958
北京3959	大雪3959
北京3960	大雪3960
北京3961	大雪3961
北京3962	大雪3962
北京3963	大雪3963
北京3964	大雪3964
北京3965	大雪3965
北京3966	大雪3966
北京3967	大雪3967
北京3968	大雪3968
北京3969	大雪3969
北京3970	大雪3970
北京3971	大雪3971
北京3972	大雪3972
北京3973	大雪3973
北京3974	大雪3974
北京3975	大雪3975
北京3976	大雪3976
北京3977	大雪3977
北京3978	大雪3978
北京3979	大雪3979
北京3980	大雪3980
北京3981	大雪3981
北京3982	大雪3982
北京3983	大雪3983
北京3984	大雪3984
北京3985	大雪3985
北京3986	大雪3986
北京3987	大雪3987
北京3988	大雪3988
北京3989	大雪3989
北京3990	大雪3990
北京3991	大雪3991
北京3992	大雪3992
北京3993	大雪3993
北京3994	大雪3994
北京3995	大雪3995
北京3996	大雪3996
北京3997	大雪3997
北京3998	大雪3998
北京3999	大雪3999
北京4000	大雪4000
北京4001	大雪4001
北京4002	大雪4002
北京4003	大雪4003
北京4004	大雪4004
北京4005	大雪4005
北京4006	大雪4006
北京4007	大雪4007
北京4008	大雪4008
北京4009	大雪4009
北京4010	大雪4010
北京4011	大雪4011
北京4012	大雪4012
北京4013	大雪4013
北京4014	大雪4014
北京4015	大雪4015
北京4016	大雪4016
北京4017	大雪4017
北京4018	大雪4018
北京4019	大雪4019
北京4020	大雪4020
北京4021	大雪4021
北京4022	大雪4022
北京4023	大雪4023
北京4024	大雪4024
北京4025	大雪4025
北京4026	大雪4026
北京4027	大雪4027
北京4028	大雪4028
北京4029	大雪4029
北京4030	大雪4030
北京4031	大雪4031
北京4032	大雪4032
北京4033	大雪4033
北京4034	大雪4034
北京4035	大雪4035
北京4036	大雪4036
北京4037	大雪4037
北京4038	大雪4038
北京4039	大雪4039
北京4040	大雪4040
北京4041	大雪4041
北京4042	大雪4042
北京4043	大雪4043
北京4044	大雪4044
北京4045	大雪4045
北京4046	大雪4046
北京4047	大雪4047
北京4048	大雪4048
北京4049	大雪4049
北京4050	大雪4050
北京4051	大雪4051
北京4052	大雪4052
北京4053	大雪4053
北京4054	大雪4054
北京4055	大雪4055
北京4056	大雪4056
北京4057	大雪4057
北京4058	大雪4058
北京4059	大雪4059
北京4060	大雪4060
北京4061	大雪4061
北京4062	大雪4062
北京4063	大雪4063
北京4064	大雪4064
北京4065	大雪4065
北京4066	大雪4066
北京4067	大雪4067
北京4068	大雪4068
北京4069	大雪4069
北京4070	大雪4070
北京4071	大雪4071
北京4072	大雪4072
北京4073	大雪4073
北京4074	大雪4074
北京4075	大雪4075
北京4076	大雪4076
北京4077	大雪4077
北京4078	大雪4078
北京4079	大雪4079
北京4080	大雪4080
北京4081	大雪4081
北京4082	大雪4082
北京4083	大雪4083
北京4084	大雪4084
北京4085	大雪4085
北京4086	大雪4086
北京4087	大雪4087
北京4088	大雪4088
北京4089	大雪4089
北京4090	大雪4090
北京4091	大雪4091
北京4092	大雪4092
北京4093	大雪4093
北京4094	大雪4094
北京4095	大雪4095
北京4096	大雪4096
北京4097	大雪4097
北京4098	大雪4098
北京4099	大雪4099
北京4100	大雪4100
北京4101	大雪4101
北京4102	大雪4102
北京4103	大雪4103
北京4104	大雪4104
北京4105	大雪4105
北京4106	大雪4106
北京4107	大雪4107
北京4108	大雪4108
北京4109	大雪4109
北京4110	大雪4110
北京4111	大雪4111
北京4112	大雪4112
北京4113	大雪4113
北京4114	大雪4114
北京4115	大雪4115
北京4116	大雪4116
北京4117	大雪4117
北京4118	大雪4118
北京4119	大雪4119
北京4120	大雪4120
北京4121	大雪4121
北京4122	大雪4122
北京4123	大雪4123
北京4124	大雪4124
北京4125	大雪4125
北京4126	大雪4126
北京4127	大雪4127
北京4128	大雪4128
北京4129	大雪4129
北京4130	大雪4130
北京4131	大雪4131
北京4132	大雪4132
北京4133	大雪4133
北京4134	大雪4134
北京4135	大雪4135
北京4136	大雪4136
北京4137	大雪4137
北京4138	大雪4138
北京4139	大雪4139
北京4140	大雪4140
北京4141	大雪4141
北京4142	大雪4142
北京4143	大雪4143
北京4144	大雪4144
北京4145	大雪4145
北京4146	大雪4146
北京4147	大雪4147
北京4148	大雪4148
北京4149	大雪4149
北京4150	大雪4150
北京4151	大雪4151
北京4152	大雪4152
北京4153	大雪4153
北京4154	大雪4154
北京4155	大雪4155
北京4156	大雪4156
北京4157	大雪4157
北京4158	大雪4158
北京4159	大雪4159
北京4160	大雪4160
北京4161	大雪4161
北京4162	大雪4162
北京4163	大雪4163
北京4164	大雪4164
北京4165	大雪4165
北京4166	大雪4166
北京4167	大雪4167
北京4168	大雪4168
北京4169	大雪4169
北京4170	大雪4170
北京4171	大雪4171
北京4172	大雪4172
北京4173	大雪4173
北京4174	大雪4174
北京4175	大雪4175
北京4176	大雪4176
北京4177	大雪4177
北京4178	大雪4178
北京4179	大雪4179
北京4180	大雪4180
北京4181	大雪4181
北京4182	大雪4182
北京4183	大雪4183
北京4184	大雪4184
北京4185	大雪4185
北京4186	大雪4186
北京4187	大雪4187
北京4188	大雪4188
北京4189	大雪4189
北京4190	大雪4190
北京4191	大雪4191
北京4192	大雪4192
北京4193	大雪4193
北京4194	大雪4194
北京4195	大雪4195
北京4196	大雪4196
北京4197	大雪4197
北京4198	大雪4198
北京4199	大雪4199
北京4200	大雪4200
北京4201	大雪4201
北京4202	大雪4202
北京4203	大雪4203
北京4204	大雪4204
北京4205	大雪4205
北京4206	大雪4206
北京4207	大雪4207
北京4208	大雪4208
北京4209	大雪4209
北京4210	大雪4210
北京4211	大雪4211
北京4212	大雪4212
北京4213	大雪4213
北京4214	大雪4214
北京4215	大雪4215
北京4216	大雪4216
北京4217	大雪4217
北京4218	大雪4218
北京4219	大雪4219
北京4220	大雪4220
北京4221	大雪4221
北京4222	大雪4222
北京4223	大雪4223
北京4224	大雪4224
北京4225	大雪4225
北京4226	大雪4226
北京4227	大雪4227
北京4228	大雪4228
北京4229	大雪4229
北京4230	大雪4230
北京4231	大雪4231
北京4232	大雪4232
北京4233	大雪4233
北京4234	大雪4234
北京4235	大雪4235
北京4236	大雪4236
北京4237	大雪4237
北京4238	大雪4238
北京4239	大雪4239
北京4240	大雪4240
北京4241	大雪4241
北京4242	大雪4242
北京4243	大雪4243
北京4244	大雪4244
北京4245	大雪4245
北京4246	大雪4246
北京4247	大雪4247
北京4248	大雪4248
北京4249	大雪4249
北京4250	大雪4250
北京4251	大雪4251
北京4252	大雪4252
北京4253	大雪4253
北京4254	大雪4254
北京4255	大雪4255
北京4256	大雪4256
北京4257	大雪4257
北京4258	大雪4258
北京4259	大雪4259
北京4260	大雪4260
北京4261	大雪4261
北京4262	大雪4262
北京4263	大雪4263
北京4264	大雪4264
北京4265	大雪4265
北京4266	大雪4266
北京4267	大雪4267
北京4268	大雪4268
北京4269	大雪4269
北京4270	大雪4270
北京4271	大雪4271
北京4272	大雪4272
北京4273	大雪4273
北京4274	大雪4274
北京4275	大雪4275
北京4276	大雪4276
北京4277	大雪4277
北京4278	大雪4278
北京4279	大雪4279
北京4280	大雪4280
北京4281	大雪4281
北京4282	大雪4282
北京4283	大雪4283
北京4284	大雪4284
